date,open,high,low,close,volume,adjclose,dividend,split
2024-04-07 12:13:55.071374,202.7009906946845,206.77481835147688,200.16369960846905,204.96714153011231,6877809,204.96714153011231,0.0,1.0
2024-04-08 12:13:55.071374,202.4374262636828,207.48184072599,190.10974635358417,198.75471962565078,7396567,198.75471962565078,0.0,1.0
2024-04-09 12:13:55.071374,202.7170967313693,211.0822862272193,200.26688757664988,206.7516106557322,9002619,206.7516106557322,0.0,1.0
2024-04-10 12:13:55.071374,219.69541813800242,229.74479077635212,205.12536621942306,215.64238647616816,5021080,215.64238647616816,0.0,1.0
2024-04-11 12:13:55.071374,194.58594391565646,201.79938379250422,185.07189332772543,198.20791680221717,8667857,198.20791680221717,0.0,1.0
2024-04-12 12:13:55.071374,201.44870179349357,207.29664026549045,191.63750206027103,198.3454436173214,5428690,198.3454436173214,0.0,1.0
2024-04-13 12:13:55.071374,216.85632445390576,223.71184993199054,211.07789287379163,216.61630397924975,6439433,216.61630397924975,0.0,1.0
2024-04-14 12:13:55.071374,212.74989162840478,212.88918383940984,206.2408231656673,208.63588575306756,9889782,208.63588575306756,0.0,1.0
2024-04-15 12:13:55.071374,193.05583217892175,202.92023215694604,189.99874844771458,196.40415723955158,3881777,196.40415723955158,0.0,1.0
2024-04-16 12:13:55.071374,207.1070492444447,208.9506744323335,200.9363251904779,206.6618641721234,3748996,206.6618641721234,0.0,1.0
2024-04-17 12:13:55.071374,200.43266234474493,210.0641564662905,189.5941349571198,196.73944944550175,1195246,196.73944944550175,0.0,1.0
2024-04-18 12:13:55.071374,197.03556731088705,198.50015955592798,196.82538883734688,196.85369147528644,4696176,196.85369147528644,0.0,1.0
2024-04-19 12:13:55.071374,205.124219082801,209.37669156242083,198.213073398767,204.067974364012,9899691,204.067974364012,0.0,1.0
2024-04-20 12:13:55.071374,184.08307456040563,184.868646026037,177.6426239651904,182.6529118391363,2012384,182.6529118391363,0.0,1.0
2024-04-21 12:13:55.071374,184.33809544612876,193.87873132296176,176.62929585222682,184.67389859794662,9143478,184.67389859794662,0.0,1.0
2024-04-22 12:13:55.071374,197.4398522102066,202.39751764123176,194.42220864529875,196.43756426802983,1866964,196.43756426802983,0.0,1.0
2024-04-23 12:13:55.071374,192.7172592734427,198.45430771096218,189.1277760456227,192.06949099445796,9437712,192.06949099445796,0.0,1.0
2024-04-24 12:13:55.071374,208.77479818212163,209.47499208359844,197.47191718374066,205.4776381611176,1863663,205.4776381611176,0.0,1.0
2024-04-25 12:13:55.071374,189.8760001596594,200.64411523321988,181.16430932320176,193.39228671731536,6783182,193.39228671731536,0.0,1.0
2024-04-26 12:13:55.071374,186.83543073229464,190.46507533103463,183.85072820648764,188.48685309653717,7980571,188.48685309653717,0.0,1.0
2024-04-27 12:13:55.071374,221.32058609141967,231.2584811754663,213.64821272176155,217.4037404364683,6334538,217.4037404364683,0.0,1.0
2024-04-28 12:13:55.071374,203.75874816214383,205.84869797929613,193.33666969998401,200.62685237975003,7349449,200.62685237975003,0.0,1.0
2024-04-29 12:13:55.071374,203.335956150453,205.63938838025547,202.836395922871,203.69726006885725,2206861,203.69726006885725,0.0,1.0
2024-04-30 12:13:55.071374,189.81963769131912,190.1665299267523,180.89309721346166,188.9118587972061,4119612,188.9118587972061,0.0,1.0
2024-05-01 12:13:55.071374,196.09104512303725,202.52286619039327,190.5253420158606,197.85287605145146,3891005,197.85287605145146,0.0,1.0
2024-05-02 12:13:55.071374,201.99158284546107,210.32001506912368,201.42212736882948,204.5432918311646,5936600,204.5432918311646,0.0,1.0
2024-05-03 12:13:55.071374,191.7826072556797,192.69249776611971,186.21829685172182,192.06149279720555,5736319,192.06149279720555,0.0,1.0
2024-05-04 12:13:55.071374,206.24879566682677,215.51054315392904,202.52111626887228,207.46577139224794,1257681,207.46577139224794,0.0,1.0
2024-05-05 12:13:55.071374,198.50178717385643,203.00071936402833,191.88077775123642,197.8397669469658,9482626,197.8397669469658,0.0,1.0
2024-05-06 12:13:55.071374,197.67044090680147,206.338446860935,190.49713085904187,201.06657898558373,6629481,201.06657898558373,0.0,1.0
2024-05-07 12:13:55.071374,201.86298980920108,206.31167410387442,197.94510854696694,198.10381299858514,3054780,198.10381299858514,0.0,1.0
2024-05-08 12:13:55.071374,227.11376469701528,231.66470507236002,216.20156486929045,222.78102360333114,8991208,222.78102360333114,0.0,1.0
2024-05-09 12:13:55.071374,205.87969762715502,211.6406267366399,203.17906396815005,204.26063214822506,5423408,204.26063214822506,0.0,1.0
2024-05-10 12:13:55.071374,194.2359018112358,195.7435632695233,186.4881169976203,193.95585774340805,1842186,193.95585774340805,0.0,1.0
2024-05-11 12:13:55.071374,211.27374813260278,214.83236534265393,202.96123220417604,212.89577879136155,6352727,212.89577879136155,0.0,1.0
2024-05-12 12:13:55.071374,195.01672329885446,203.41985369866072,183.26911307727403,192.5992558079821,8116355,192.5992558079821,0.0,1.0
2024-05-13 12:13:55.071374,208.5635139541909,218.4297722236401,203.42785575492056,207.0336908951025,8226585,207.0336908951025,0.0,1.0
2024-05-14 12:13:55.071374,182.9825267961072,188.9478936410147,177.20509453457706,185.48571634361983,6538917,185.48571634361983,0.0,1.0
2024-05-15 12:13:55.071374,195.09282008889917,197.73383717928033,190.6361799630747,191.93791973079593,2124905,191.93791973079593,0.0,1.0
2024-05-16 12:13:55.071374,210.00056631480527,216.76257975413873,201.86489751906447,207.3257552158341,4105958,207.3257552158341,0.0,1.0
2024-05-17 12:13:55.071374,216.70929260605578,221.13811726018534,212.54062345909801,212.87917129445958,6559277,212.87917129445958,0.0,1.0
2024-05-18 12:13:55.071374,209.2176283767895,209.48319203300883,198.90166790995897,207.34555094376785,4258084,207.34555094376785,0.0,1.0
2024-05-19 12:13:55.071374,205.54099574131564,207.14578375882763,203.2686792143005,204.61274794534836,9593059,204.61274794534836,0.0,1.0
2024-05-20 12:13:55.071374,202.23203146487913,210.15893563946256,199.97306785010045,202.89555645070052,2980290,202.89555645070052,0.0,1.0
2024-05-21 12:13:55.071374,194.56926025300933,200.97957745003208,189.06807621674548,191.25873614028177,1403322,191.25873614028177,0.0,1.0
2024-05-22 12:13:55.071374,201.89649442742012,202.17002372239438,197.43860260909858,198.9828765973716,5310796,198.9828765973716,0.0,1.0
2024-05-23 12:13:55.071374,198.04289420334464,203.95101930412656,195.67651917940398,201.71229360908345,6181057,201.71229360908345,0.0,1.0
2024-05-24 12:13:55.071374,212.91561498961184,219.53474278800533,208.93643848508853,217.02726621823314,8017403,217.02726621823314,0.0,1.0
2024-05-25 12:13:55.071374,208.9917355554325,217.08545734502823,199.91360351614102,210.02958948909122,5077716,210.02958948909122,0.0,1.0
2024-05-26 12:13:55.071374,191.4493976385101,191.6380761675203,179.95288491833122,189.1003676771419,7941447,189.1003676771419,0.0,1.0
2024-05-27 12:13:55.071374,214.20421501796437,215.31923987199633,209.27744269746123,210.1089715620798,6037285,210.1089715620798,0.0,1.0
2024-05-28 12:13:55.071374,200.3138940325236,211.28000618696157,196.47438061879888,203.15467170133135,2908802,203.15467170133135,0.0,1.0
2024-05-29 12:13:55.071374,201.1280896918647,202.92360703204804,198.33520898832657,200.37363713979755,8334901,200.37363713979755,0.0,1.0
2024-05-30 12:13:55.071374,212.3802813965011,220.36168516184253,206.87455995232304,213.39698266862848,2548075,213.39698266862848,0.0,1.0
2024-05-31 12:13:55.071374,221.82011058396304,224.46179712551208,208.11826015143563,217.72757764254195,1493948,217.72757764254195,0.0,1.0
2024-06-01 12:13:55.071374,219.83552863845048,220.92856619574022,207.3817969646517,216.86774624610703,5168962,216.86774624610703,0.0,1.0
2024-06-02 12:13:55.071374,201.9972906866404,204.45329687425158,196.1667884648156,199.3001324600813,7520645,199.3001324600813,0.0,1.0
2024-06-03 12:13:55.071374,204.48115914497924,212.13130455103848,198.65657359652826,204.7375465711582,7689921,204.7375465711582,0.0,1.0
2024-06-04 12:13:55.071374,210.55979099287126,220.3192305348227,202.14292367037396,211.2796672810686,9383190,211.2796672810686,0.0,1.0
2024-06-05 12:13:55.071374,215.88522685112824,226.90342550400234,210.39736552067444,217.8598468756192,8228161,217.8598468756192,0.0,1.0
2024-06-06 12:13:55.071374,199.83979937355653,207.49036563338126,190.4893844600329,203.45001586330534,1780641,203.45001586330534,0.0,1.0
2024-06-07 12:13:55.071374,209.53546664438485,216.5348431868603,202.20591490478066,206.5225311124827,5466134,206.5225311124827,0.0,1.0
2024-06-08 12:13:55.071374,199.92446516900478,201.97353395045747,190.236156621147,197.45313377642321,2554205,197.45313377642321,0.0,1.0
2024-06-09 12:13:55.071374,200.62339425754553,203.5640088907385,194.70085687189606,196.69177991303945,7606963,196.69177991303945,0.0,1.0
2024-06-10 12:13:55.071374,221.22561533865678,231.14023748877744,209.43677464567338,216.91646701515077,7651143,216.91646701515077,0.0,1.0
2024-06-11 12:13:55.071374,222.98429387601198,223.12925511266556,216.4305417942221,222.49097171427965,3551331,222.49097171427965,0.0,1.0
2024-06-12 12:13:55.071374,210.58752913181021,211.4878806434269,198.04959576089027,208.34583285013073,4127748,208.34583285013073,0.0,1.0
2024-06-13 12:13:55.071374,223.13901877701582,225.45839552654147,209.07085220385773,219.23862568221693,5001070,219.23862568221693,0.0,1.0
2024-06-14 12:13:55.071374,215.9354142401948,216.22187636190475,206.48838151063353,212.95701959113566,8365624,212.95701959113566,0.0,1.0
2024-06-15 12:13:55.071374,200.97501992837923,204.86863744325646,195.74905477554412,203.02682443197074,3883791,203.02682443197074,0.0,1.0
2024-06-16 12:13:55.071374,212.80752301366408,219.4454190519212,208.55159119310937,213.22934067046876,4496605,213.22934067046876,0.0,1.0
2024-06-17 12:13:55.071374,221.7935731068847,229.87694396414238,213.9383387252157,225.13311291740695,5948600,225.13311291740695,0.0,1.0
2024-06-18 12:13:55.071374,213.3373755593482,222.85938756320996,206.3362990224801,209.53184949901038,7416438,209.53184949901038,0.0,1.0
2024-06-19 12:13:55.071374,226.63234287770322,235.8953003560571,224.09557281462074,225.6739090856126,6311499,225.6739090856126,0.0,1.0
2024-06-20 12:13:55.071374,181.97054919454817,187.1115463259392,179.96751737176248,183.9673841239377,1308623,183.9673841239377,0.0,1.0
2024-06-21 12:13:55.071374,220.02203258674422,222.87597614295345,208.02803941179468,218.52122284595004,4647371,218.52122284595004,0.0,1.0
2024-06-22 12:13:55.071374,212.30849840864366,216.3390946604014,205.82132646481313,211.31003112194216,4296903,211.31003112194216,0.0,1.0
2024-06-23 12:13:55.071374,206.40910739164616,213.71372294401888,197.17157924535093,207.58684957226438,6998223,207.58684957226438,0.0,1.0
2024-06-24 12:13:55.071374,208.36055194029578,214.46843427366034,200.4641559982567,211.63189347964075,2147116,211.63189347964075,0.0,1.0
2024-06-25 12:13:55.071374,192.2866134297319,198.28738741804068,190.84860300343328,190.9759592056394,4772763,190.9759592056394,0.0,1.0
2024-06-26 12:13:55.071374,208.96189576740386,213.2394675169612,199.84027605600187,208.79229211063586,7478450,208.79229211063586,0.0,1.0
2024-06-27 12:13:55.071374,217.0361424507046,223.02685197984962,209.31812632427153,214.6974993414911,1310375,214.6974993414911,0.0,1.0
2024-06-28 12:13:55.071374,226.22498918168034,231.1581251484544,221.7270217160746,226.04267671115142,3126453,226.04267671115142,0.0,1.0
2024-06-29 12:13:55.071374,209.12344889234467,212.20243365315017,203.15053688126514,206.2183967183624,2271300,206.2183967183624,0.0,1.0
2024-06-30 12:13:55.071374,203.87595068339863,213.54429166518477,198.97397411916216,203.45352550952967,6238631,203.45352550952967,0.0,1.0
2024-07-01 12:13:55.071374,207.16198713133718,215.07149181649416,196.4263023662403,206.65825373997882,4842411,206.65825373997882,0.0,1.0
2024-07-02 12:13:55.071374,224.29633178856224,225.86767535654533,213.52570978067246,220.96720799020756,7310208,220.96720799020756,0.0,1.0
2024-07-03 12:13:55.071374,214.40709411970576,224.58442868612494,209.23679186622314,215.2380605471463,7127764,215.2380605471463,0.0,1.0
2024-07-04 12:13:55.071374,203.76302587494732,211.83011248095056,194.47007176813943,206.7903100502417,6859046,206.7903100502417,0.0,1.0
2024-07-05 12:13:55.071374,213.26103581495298,227.0798509244854,206.33673715091973,217.35794905640827,7034207,217.35794905640827,0.0,1.0
2024-07-06 12:13:55.071374,215.51058491610166,224.12944861897287,203.02090883910662,213.33341285611777,8940879,213.33341285611777,0.0,1.0
2024-07-07 12:13:55.071374,223.25569598952606,228.00226283374727,211.95008127615094,222.18644990532889,4341861,222.18644990532889,0.0,1.0
2024-07-08 12:13:55.071374,207.2953211118029,207.52821023597187,199.41669543765946,205.6168316985891,8359201,205.6168316985891,0.0,1.0
2024-07-09 12:13:55.071374,207.09276525318612,212.312473675122,198.11235061539875,209.4981038087476,3615804,209.4981038087476,0.0,1.0
2024-07-10 12:13:55.071374,205.95120273013137,214.6508403613779,201.49792860852213,208.99100638076635,5312717,208.99100638076635,0.0,1.0
2024-07-11 12:13:55.071374,194.56144983367727,204.69885797956374,191.5405425422373,198.41430106812936,2982243,198.41430106812936,0.0,1.0
2024-07-12 12:13:55.071374,214.8562078485264,218.93511153477138,212.7139485673274,216.14801595745897,4413654,216.14801595745897,0.0,1.0
2024-07-13 12:13:55.071374,216.71138259807222,218.22138497236026,207.29896155164664,215.9347285459747,6986417,215.9347285459747,0.0,1.0
2024-07-14 12:13:55.071374,212.5923825493456,222.4260823605075,203.74303948177692,213.51267302796307,8863020,213.51267302796307,0.0,1.0
2024-07-15 12:13:55.071374,210.72468527879806,221.65092692420194,201.29020227709566,211.25302976514965,4270209,211.25302976514965,0.0,1.0
2024-07-16 12:13:55.071374,202.80907733193172,208.13981437369483,195.9544473060014,199.5825563157596,9604008,199.5825563157596,0.0,1.0
2024-07-17 12:13:55.071374,208.39453925518956,211.46694867354947,205.33609646824073,209.66717314597278,8323988,209.66717314597278,0.0,1.0
2024-07-18 12:13:55.071374,210.70168226174977,213.57046285124127,200.38722824291781,210.58384384572133,4324664,210.58384384572133,0.0,1.0
2024-07-19 12:13:55.071374,208.46430461509226,208.65599459498569,205.4681645724689,206.12557895613546,9210880,206.12557895613546,0.0,1.0
2024-07-20 12:13:55.071374,211.79275548591434,222.3951841439281,201.75347478015289,212.6728571690542,4594058,212.6728571690542,0.0,1.0
2024-07-21 12:13:55.071374,219.53044542212527,220.8229428059158,213.45308312781773,218.46358549122232,5584258,218.46358549122232,0.0,1.0
2024-07-22 12:13:55.071374,236.80564936514233,243.6317672828351,230.0267104577814,233.42229857254486,9117654,233.42229857254486,0.0,1.0
2024-07-23 12:13:55.071374,220.3354144547162,223.3546179863959,215.04718508466988,216.44358032612058,5212377,216.44358032612058,0.0,1.0
2024-07-24 12:13:55.071374,214.34146912126678,223.4348792488566,211.2773177708816,217.4106687423925,1233782,217.4106687423925,0.0,1.0
2024-07-25 12:13:55.071374,217.88355003108072,224.9802393699172,212.1042978266136,214.2280683148658,7906117,214.2280683148658,0.0,1.0
2024-07-26 12:13:55.071374,195.86039423569048,204.05041902310978,189.39161695064672,195.9221779568997,7112674,195.9221779568997,0.0,1.0
2024-07-27 12:13:55.071374,212.90318869383648,217.20095806156903,210.93197250636717,214.9821139927606,5809109,214.9821139927606,0.0,1.0
2024-07-28 12:13:55.071374,215.6338718022091,216.10566524088202,205.71595193783696,215.98691748402564,4735466,215.98691748402564,0.0,1.0
2024-07-29 12:13:55.071374,244.76567653437448,246.44092172695576,238.89138700862895,240.15439914683088,2583246,240.15439914683088,0.0,1.0
2024-07-30 12:13:55.071374,213.67261992846176,223.35403812849987,208.8392638153197,213.73573101152945,1726331,213.73573101152945,0.0,1.0
2024-07-31 12:13:55.071374,217.31332740352775,228.37306622431433,215.32814592685298,218.81217672003942,2794291,218.81217672003942,0.0,1.0
2024-08-01 12:13:55.071374,216.73732755998762,223.21141352067335,209.6832967547179,215.5869482370135,7353385,215.5869482370135,0.0,1.0
2024-08-02 12:13:55.071374,202.2602383437129,210.52146955798517,198.6557353276846,204.38464819523327,5952075,204.38464819523327,0.0,1.0
2024-08-03 12:13:55.071374,223.77505104241962,235.20636767167977,218.47608760629086,227.6370193539414,4898606,227.6370193539414,0.0,1.0
2024-08-04 12:13:55.071374,220.54224334338562,225.8284629829756,217.5824508929381,223.86548417302157,3878117,223.86548417302157,0.0,1.0
2024-08-05 12:13:55.071374,221.05526711413503,234.6532561633577,210.90474063254297,224.39383595394696,5481617,224.39383595394696,0.0,1.0
2024-08-06 12:13:55.071374,204.63742092031976,211.87231420464602,195.02306461505356,207.52700457293173,8374626,207.52700457293173,0.0,1.0
2024-08-07 12:13:55.071374,227.45203691151923,235.20733882812723,218.88964176109485,230.78618486760274,6287913,230.78618486760274,0.0,1.0
2024-08-08 12:13:55.071374,204.02030412011922,209.31379152237517,194.3516371306704,202.8770937676816,4733149,202.8770937676816,0.0,1.0
2024-08-09 12:13:55.071374,220.0651612331047,223.42497728229242,218.65436272857366,222.90153797096974,6316741,222.90153797096974,0.0,1.0
2024-08-10 12:13:55.071374,237.59900286305455,241.0625947992872,228.32330396039708,239.07488592842944,3804802,239.07488592842944,0.0,1.0
2024-08-11 12:13:55.071374,210.69412267066892,218.46908993638968,207.15204894867082,207.40232905638544,5157263,207.40232905638544,0.0,1.0
2024-08-12 12:13:55.071374,211.56149933207917,212.658841345015,204.54713330676339,211.78207764902723,5488198,211.78207764902723,0.0,1.0
2024-08-13 12:13:55.071374,220.04391488952575,226.67991246156876,209.64034164011284,218.57893123329399,3733460,218.57893123329399,0.0,1.0
2024-08-14 12:13:55.071374,209.89731744051846,215.29412773872323,207.69023148029197,212.68502367861825,8084609,212.68502367861825,0.0,1.0
2024-08-15 12:13:55.071374,199.85988960530545,206.28921682029699,196.44935828972825,202.35050854648154,7216538,202.35050854648154,0.0,1.0
2024-08-16 12:13:55.071374,214.66401871900766,221.83671451260068,209.27805251317858,218.68013524256577,5115362,218.68013524256577,0.0,1.0
2024-08-17 12:13:55.071374,204.76087507279917,211.19909247512302,200.20866765283552,207.5088309946071,2252557,207.5088309946071,0.0,1.0
2024-08-18 12:13:55.071374,221.03013524440618,231.02270225518637,217.92689179816267,223.0051550755826,2490687,223.0051550755826,0.0,1.0
2024-08-19 12:13:55.071374,206.50941522611268,212.32042769814385,198.542847216705,209.21235106425536,5057025,209.21235106425536,0.0,1.0
2024-08-20 12:13:55.071374,230.19284344133732,240.6714606543172,230.15064812697764,234.04330009413144,6272864,234.04330009413144,0.0,1.0
2024-08-21 12:13:55.071374,207.64924712041378,215.86751822111964,207.38753807528843,210.8487857579563,4788963,210.8487857579563,0.0,1.0
2024-08-22 12:13:55.071374,215.25982528604757,222.75237714742957,211.49628370284873,215.59806615662455,4874910,215.59806615662455,0.0,1.0
2024-08-23 12:13:55.071374,224.42365480879957,237.72850637022904,215.4415743747108,227.09121612974067,4368045,227.09121612974067,0.0,1.0
2024-08-24 12:13:55.071374,205.66208644213233,214.3590008198849,202.3738400997899,206.78476342906706,6185773,206.78476342906706,0.0,1.0
2024-08-25 12:13:55.071374,221.53564633041978,223.9164941151002,211.22971690754957,221.50536857681053,5832691,221.50536857681053,0.0,1.0
2024-08-26 12:13:55.071374,234.2097710141855,234.57494076029587,221.17382414578634,232.43955941095612,1968616,232.43955941095612,0.0,1.0
2024-08-27 12:13:55.071374,199.68194070223646,206.09828956951438,192.2705746303085,203.43066215988225,5217733,203.43066215988225,0.0,1.0
2024-08-28 12:13:55.071374,224.14184246606092,230.81093565596325,215.53803527245037,221.4891957281802,8914520,221.4891957281802,0.0,1.0
2024-08-29 12:13:55.071374,223.5167423954381,224.09146891068985,220.91437598239492,222.37904772270403,2490036,222.37904772270403,0.0,1.0
2024-08-30 12:13:55.071374,223.92587329098913,233.38782963168484,220.8711780753205,227.73581113535553,3869729,227.73581113535553,0.0,1.0
2024-08-31 12:13:55.071374,210.7889115523619,217.07930427691198,205.01363250490053,207.68543794616423,8585159,207.68543794616423,0.0,1.0
2024-09-01 12:13:55.071374,210.47235866833023,213.98981367186653,201.04194970073488,206.98774156146493,8179156,206.98774156146493,0.0,1.0
2024-09-02 12:13:55.071374,221.5891473868883,234.24301313234932,214.34246202003243,225.54908598583933,9944718,225.54908598583933,0.0,1.0
2024-09-03 12:13:55.071374,221.4427292157979,224.62777875244547,214.4787845710162,223.43687969936482,8904428,223.43687969936482,0.0,1.0
2024-09-04 12:13:55.071374,225.84197853087798,226.69044179535982,222.97154923349012,223.10932410785438,5202271,223.10932410785438,0.0,1.0
2024-09-05 12:13:55.071374,226.4326952090512,234.67698234345664,213.44556487036854,224.206240336728,5042879,224.206240336728,0.0,1.0
2024-09-06 12:13:55.071374,211.3773782697102,219.38258480750534,209.97205158260607,214.07887366333597,3322523,214.07887366333597,0.0,1.0
2024-09-07 12:13:55.071374,220.74247499088634,231.02637633408492,216.09226333657364,223.33902048809355,5746771,223.33902048809355,0.0,1.0
2024-09-08 12:13:55.071374,222.9235627562783,228.9564757658772,216.6662702147435,224.08457088683298,9640145,224.08457088683298,0.0,1.0
2024-09-09 12:13:55.071374,214.01511992931302,216.78601597922534,211.0751691915173,214.1476946109451,2756124,214.1476946109451,0.0,1.0
2024-09-10 12:13:55.071374,241.22197064041862,251.10124440169386,233.92412838907242,240.086316540019,1841531,240.086316540019,0.0,1.0
2024-09-11 12:13:55.071374,225.11764718614913,235.3498243520746,223.69291404457422,226.30426327505194,1864645,226.30426327505194,0.0,1.0
2024-09-12 12:13:55.071374,209.4758676629397,217.07728945348723,208.43583950326197,209.79026173127022,2428127,209.79026173127022,0.0,1.0
2024-09-13 12:13:55.071374,230.66715124531288,233.80589842181791,221.80206927760338,228.4061954269976,6130076,228.4061954269976,0.0,1.0
2024-09-14 12:13:55.071374,208.29799398474765,218.49447356676555,200.76622802767415,212.23120527574878,9859690,212.23120527574878,0.0,1.0
2024-09-15 12:13:55.071374,227.7087868920407,234.13718194887375,223.0675162843935,229.98623065280913,5254849,229.98623065280913,0.0,1.0
2024-09-16 12:13:55.071374,235.83427866114,236.9141882712039,232.81406096282106,233.83870304282132,8574587,233.83870304282132,0.0,1.0
2024-09-17 12:13:55.071374,217.56915468358332,227.54811164323812,205.73013837256508,214.18328670659278,7515350,214.18328670659278,0.0,1.0
2024-09-18 12:13:55.071374,232.2696757946931,233.85861674700413,227.78460666235372,232.16123381991574,9336900,232.16123381991574,0.0,1.0
2024-09-19 12:13:55.071374,227.08396852401293,237.87315199128219,222.61467283420154,226.79264443420013,2615777,226.79264443420013,0.0,1.0
2024-09-20 12:13:55.071374,227.3927105371908,236.1746745130559,224.3583028751874,231.0227994021427,4512664,231.0227994021427,0.0,1.0
2024-09-21 12:13:55.071374,241.398636571669,244.14674237514805,230.9167177334161,241.9074902660999,1973181,241.9074902660999,0.0,1.0
2024-09-22 12:13:55.071374,220.9108867386672,226.89647767916105,217.48826388046047,220.62304191689438,2491633,220.62304191689438,0.0,1.0
2024-09-23 12:13:55.071374,213.4551972853692,225.0906377088188,212.48432322297577,215.67692407071084,3061774,215.67692407071084,0.0,1.0
2024-09-24 12:13:55.071374,212.47701245628457,222.3080235214807,203.76208834155065,214.4565040553931,3790358,214.4565040553931,0.0,1.0
2024-09-25 12:13:55.071374,214.2739276352861,224.01478536130298,206.10519831427098,215.3309081393566,4860562,215.3309081393566,0.0,1.0
2024-09-26 12:13:55.071374,218.57716835905933,230.1960266355237,218.26454939178154,222.8553565322326,7976610,222.8553565322326,0.0,1.0
2024-09-27 12:13:55.071374,225.55848756756296,235.03866130067186,216.32160757607176,227.1752560119027,2765524,227.1752560119027,0.0,1.0
2024-09-28 12:13:55.071374,224.05178668881908,236.29228118458414,222.4205226888655,226.66800689439907,2250632,226.66800689439907,0.0,1.0
2024-09-29 12:13:55.071374,230.7073283953698,235.21031645620516,224.8505674300676,232.31029402882177,7210715,232.31029402882177,0.0,1.0
2024-09-30 12:13:55.071374,220.89426007065214,229.79488704967923,212.58014332945763,224.30584309460323,9526086,224.30584309460323,0.0,1.0
2024-10-01 12:13:55.071374,242.57960222421613,245.26264714445813,237.3049677961977,238.84852758475998,4243087,238.84852758475998,0.0,1.0
2024-10-02 12:13:55.071374,222.63434827020612,233.62878943358942,215.65230598088306,221.8039811181699,1909711,221.8039811181699,0.0,1.0
2024-10-03 12:13:55.071374,253.59344783255946,265.5638109780424,245.6814064436949,251.78960375380828,4711584,251.78960375380828,0.0,1.0
2024-10-04 12:13:55.071374,233.6536816452358,234.114292626825,223.58167196895147,230.98194820292477,7913283,230.98194820292477,0.0,1.0
2024-10-05 12:13:55.071374,216.27758426056636,223.92154196057757,211.87580393421763,216.29106179847454,2619715,216.29106179847454,0.0,1.0
2024-10-06 12:13:55.071374,210.75030319801107,224.2046978493331,201.93592332448083,214.29107501938887,3590310,214.29107501938887,0.0,1.0
2024-10-07 12:13:55.071374,230.30341070140034,232.38276659497072,222.96067876397467,229.96208678979448,7314768,229.96208678979448,0.0,1.0
2024-10-08 12:13:55.071374,223.81485947840943,230.17058857678794,222.69898349115508,223.04009742146678,9324454,223.04009742146678,0.0,1.0
2024-10-09 12:13:55.071374,234.83519138862115,245.5846348675277,223.92596171085734,232.55209285300884,9815995,232.55209285300884,0.0,1.0
2024-10-10 12:13:55.071374,229.65232421365633,230.67268389324042,225.71076307338512,230.281826795186,7726451,230.281826795186,0.0,1.0
2024-10-11 12:13:55.071374,221.60736464368154,232.80305575872197,214.13022206855464,224.95852406024446,9064220,224.95852406024446,0.0,1.0
2024-10-12 12:13:55.071374,215.47633241070434,220.58777173383544,213.03577340722876,217.35623864349176,2544613,217.35623864349176,0.0,1.0
2024-10-13 12:13:55.071374,209.65850457806872,220.5568060319053,200.5475181489086,210.8130662146798,2297638,210.8130662146798,0.0,1.0
2024-10-14 12:13:55.071374,222.92735900288164,233.75113150451605,221.29931782833324,221.63375157823089,8134897,221.63375157823089,0.0,1.0
2024-10-15 12:13:55.071374,235.46500222948683,246.5820877777031,228.38773402184367,234.80025167949847,8748670,234.80025167949847,0.0,1.0
2024-10-16 12:13:55.071374,227.19920405840867,233.9328065586443,218.52076772498498,228.5145638149284,3430525,228.5145638149284,0.0,1.0
2024-10-17 12:13:55.071374,218.2192148660477,227.62492839004446,204.1375333348872,214.05360122386915,8439103,214.05360122386915,0.0,1.0
2024-10-18 12:13:55.071374,229.34643571744826,239.03115543451491,218.89961974547552,228.38016090686347,3456070,228.38016090686347,0.0,1.0
2024-10-19 12:13:55.071374,228.21465926012212,234.3187369997819,222.734928025216,230.63888808300266,9878234,230.63888808300266,0.0,1.0
2024-10-20 12:13:55.071374,214.61069970627852,227.12318350333163,207.49638909582245,218.0845025610656,1288859,218.0845025610656,0.0,1.0
2024-10-21 12:13:55.071374,225.4234666558043,229.02068361145817,223.49478141254357,228.59769061989485,6008341,228.59769061989485,0.0,1.0
2024-10-22 12:13:55.071374,225.46526056118236,234.570803730393,219.04950592287184,227.77988938226218,5749766,227.77988938226218,0.0,1.0
2024-10-23 12:13:55.071374,212.97503206393736,218.38847006914665,204.97477696969597,215.9054618568586,2546236,215.9054618568586,0.0,1.0
2024-10-24 12:13:55.071374,228.15364848387458,232.44325244177662,223.7861600765429,231.0504010760103,9982913,231.0504010760103,0.0,1.0
2024-10-25 12:13:55.071374,231.21295065045,234.11507794425796,227.82310540635734,233.21773537357245,5257341,233.21773537357245,0.0,1.0
2024-10-26 12:13:55.071374,235.4607332716843,246.88371618241715,225.65428711417303,238.57776517900552,4759834,238.57776517900552,0.0,1.0
2024-10-27 12:13:55.071374,242.20655023997983,246.3225473643399,228.49971487850542,238.4226359049644,3627988,238.4226359049644,0.0,1.0
2024-10-28 12:13:55.071374,210.64796672168436,222.00917749481252,200.5018064616168,214.2452843424071,6477093,214.2452843424071,0.0,1.0
2024-10-29 12:13:55.071374,218.99559540154834,219.7112329398749,215.89757753347303,218.78109026018944,9592974,218.78109026018944,0.0,1.0
2024-10-30 12:13:55.071374,232.61035209100086,237.12723602588798,228.70022473093624,233.4470559687899,1502420,233.4470559687899,0.0,1.0
2024-10-31 12:13:55.071374,238.0787295369466,244.5007996111949,227.43635154721213,233.571925443188,6529046,233.571925443188,0.0,1.0
2024-11-01 12:13:55.071374,230.0949051536995,242.96237167235668,228.30212586547069,233.72190543448906,2679161,233.72190543448906,0.0,1.0
2024-11-02 12:13:55.071374,266.14423923643847,271.49521500024264,263.5582507712364,267.23610611533843,1660902,267.23610611533843,0.0,1.0
2024-11-03 12:13:55.071374,238.95972555923092,246.43786713639477,229.69219737790755,234.5550589530855,8562116,234.5550589530855,0.0,1.0
2024-11-04 12:13:55.071374,243.85300009816453,254.65541669454504,238.75619431098818,240.33917288532248,2538112,240.33917288532248,0.0,1.0
2024-11-05 12:13:55.071374,241.68780494737024,249.13013605235378,229.1841643068544,238.66089675581114,2726676,238.66089675581114,0.0,1.0
2024-11-06 12:13:55.071374,233.48896339087548,238.5184221323285,223.12111501714554,235.77215427129974,2685996,235.77215427129974,0.0,1.0
2024-11-07 12:13:55.071374,223.26453792570103,226.51893714286035,215.1125871479649,226.24291194920096,4246417,226.24291194920096,0.0,1.0
2024-11-08 12:13:55.071374,238.72222438873663,249.10782131952487,225.94335563217618,237.1226592378997,2352144,237.1226592378997,0.0,1.0
2024-11-09 12:13:55.071374,225.75394148760628,225.994024154236,216.73941707683116,221.94207752495396,2551330,221.94207752495396,0.0,1.0
2024-11-10 12:13:55.071374,227.95591121468658,237.92558205657346,226.7185877381483,227.43950624029225,1971248,227.43950624029225,0.0,1.0
2024-11-11 12:13:55.071374,225.73619554374844,231.7062083596043,214.27964316422188,225.0914194667639,5657851,225.0914194667639,0.0,1.0
2024-11-12 12:13:55.071374,228.86903568536673,241.74274997347166,218.82294281445328,230.9011589762808,7695306,230.9011589762808,0.0,1.0
2024-11-13 12:13:55.071374,256.0975836911129,266.3259065198431,246.42664881486894,253.36636588651533,6378750,253.36636588651533,0.0,1.0
2024-11-14 12:13:55.071374,209.03457154041158,222.2468496397831,208.34345117145298,211.68449093122538,3607411,211.68449093122538,0.0,1.0
2024-11-15 12:13:55.071374,235.68306794139707,241.51930450055102,227.62454658279336,237.35710739825063,2693439,237.35710739825063,0.0,1.0
2024-11-16 12:13:55.071374,213.86494001725546,222.73298446935047,208.59568011313303,214.50470941997162,2831094,214.50470941997162,0.0,1.0
2024-11-17 12:13:55.071374,226.11872512864662,230.6629304174023,215.2172935624975,226.04991211133643,4437172,226.04991211133643,0.0,1.0
2024-11-18 12:13:55.071374,239.30472649869415,247.59770203502967,229.1144516304681,241.79609937626705,7919875,241.79609937626705,0.0,1.0
2024-11-19 12:13:55.071374,228.1172679670182,238.95599149954813,227.96477297583405,231.6867562349107,6923361,231.6867562349107,0.0,1.0
2024-11-20 12:13:55.071374,221.37911432416493,231.04980761135812,220.01947218564544,220.40387090202563,2963571,220.40387090202563,0.0,1.0
2024-11-21 12:13:55.071374,222.27037349797732,235.19552946834654,211.21175539344662,224.16564422608164,6542511,224.16564422608164,0.0,1.0
2024-11-22 12:13:55.071374,239.02622826429337,248.20810308388178,237.67797446875286,238.25202144539074,9985826,238.25202144539074,0.0,1.0
2024-11-23 12:13:55.071374,221.18882440339794,228.97478042965272,217.1976925681372,224.28974027623522,4815144,224.28974027623522,0.0,1.0
2024-11-24 12:13:55.071374,233.71890542361623,238.8230274107225,232.17540584205298,233.89535512658898,4436252,233.89535512658898,0.0,1.0
2024-11-25 12:13:55.071374,232.62670236510633,241.20576929218078,225.9900034603513,232.32385026717003,1817052,232.32385026717003,0.0,1.0
2024-11-26 12:13:55.071374,221.447127726505,228.18157788287417,216.08363431998313,225.48949102943635,8596585,225.48949102943635,0.0,1.0
2024-11-27 12:13:55.071374,251.92492753111623,254.9830120101784,245.48631311981333,253.5822980361104,7269324,253.5822980361104,0.0,1.0
2024-11-28 12:13:55.071374,235.1299798396109,242.85039650491865,231.213469819259,238.6194100033999,2428080,238.6194100033999,0.0,1.0
2024-11-29 12:13:55.071374,208.46067437625584,215.213276194548,199.49323039464258,212.16615655100634,3521279,212.16615655100634,0.0,1.0
2024-11-30 12:13:55.071374,239.01373727929922,242.5548228421188,223.0498334723848,234.41948820263931,8503888,234.41948820263931,0.0,1.0
2024-12-01 12:13:55.071374,224.46799282236947,228.71508015509957,216.7006139771952,226.0744430446238,7119848,226.0744430446238,0.0,1.0
2024-12-02 12:13:55.071374,244.34558120340873,244.85984544772884,237.79017966380582,241.35400367763256,3726016,241.35400367763256,0.0,1.0
2024-12-03 12:13:55.071374,222.83318098367636,225.24294472784362,213.94050427594718,225.04182558270597,2244289,225.04182558270597,0.0,1.0
2024-12-04 12:13:55.071374,233.6410644937233,245.17969002183386,228.16954902728637,231.95703118972662,1442939,231.95703118972662,0.0,1.0
2024-12-05 12:13:55.071374,240.7720358784815,245.92182629366656,237.93314565118777,238.29163103156282,4282972,238.29163103156282,0.0,1.0
2024-12-06 12:13:55.071374,242.96259612360197,247.63144612127178,231.0712100210392,242.0366728208221,9692832,242.0366728208221,0.0,1.0
2024-12-07 12:13:55.071374,221.26166910551288,229.04107252448583,217.639639016357,221.51351944592574,5414473,221.51351944592574,0.0,1.0
2024-12-08 12:13:55.071374,229.4966811453881,232.8221237147128,223.11380721751553,230.30883379543667,3711793,230.30883379543667,0.0,1.0
2024-12-09 12:13:55.071374,227.65713657680348,239.92079454957076,226.156218736609,229.04175567959922,3319124,229.04175567959922,0.0,1.0
2024-12-10 12:13:55.071374,231.30219508839576,240.39636148495248,218.03966643841244,227.39527910283434,4923227,227.39527910283434,0.0,1.0
2024-12-11 12:13:55.071374,255.0494234630707,256.1896346926206,247.8518593807572,251.72047646874503,3073290,251.72047646874503,0.0,1.0
2024-12-12 12:13:55.071374,242.68487819182997,247.75190517716072,236.32463699690436,238.25311381290626,3518970,238.25311381290626,0.0,1.0
2024-12-13 12:13:55.071374,218.3996093837308,231.4782449049533,217.7947977421165,221.73181979730887,4889877,221.73181979730887,0.0,1.0
2024-12-14 12:13:55.071374,245.906737193683,257.52253564988655,239.7977053686119,243.65664144856976,2727408,243.65664144856976,0.0,1.0
2024-12-15 12:13:55.071374,260.32269394703064,266.4064549752046,249.4048829333998,255.83694658551093,3801742,255.83694658551093,0.0,1.0
2024-12-16 12:13:55.071374,241.95249700606234,252.59406327381885,237.32935628250863,245.07739985825873,2055675,245.07739985825873,0.0,1.0
2024-12-17 12:13:55.071374,215.8868416753269,221.53124814772355,214.47175723231354,219.69641023056977,7016854,219.69641023056977,0.0,1.0
2024-12-18 12:13:55.071374,232.40522733625988,243.92286583055653,225.24316919565672,230.18513179881,8436754,230.18513179881,0.0,1.0
2024-12-19 12:13:55.071374,248.57222527906893,251.45158279642243,235.8187965704643,247.8339466567014,1965188,247.8339466567014,0.0,1.0
2024-12-20 12:13:55.071374,231.3460649286277,242.25092924009496,227.4375397104696,228.22550314601,3161088,228.22550314601,0.0,1.0
2024-12-21 12:13:55.071374,236.42133098168767,247.66954369713898,232.75120604392131,239.8777547210227,9018006,239.8777547210227,0.0,1.0
2024-12-22 12:13:55.071374,246.19707984959487,253.67823106041126,239.38767267585533,243.32326361121648,3320484,243.32326361121648,0.0,1.0
2024-12-23 12:13:55.071374,223.74238116481445,232.24976800526915,214.96804571435118,226.4449809985049,5105223,226.4449809985049,0.0,1.0
2024-12-24 12:13:55.071374,232.09131117939822,237.96972220562262,228.1328252555959,235.25639479103035,1487510,235.25639479103035,0.0,1.0
2024-12-25 12:13:55.071374,200.84243601790644,205.37318410018804,194.7555485516274,203.57633758832026,7354986,203.57633758832026,0.0,1.0
2024-12-26 12:13:55.071374,228.72477414766894,231.24630706628153,221.9434789084596,225.88249721303075,8609964,225.88249721303075,0.0,1.0
2024-12-27 12:13:55.071374,235.28256983042883,237.47585350202976,223.29689439001825,233.73805474980466,6795250,233.73805474980466,0.0,1.0
2024-12-28 12:13:55.071374,224.12986249228734,232.8662705353693,220.0924472194231,223.92326708145043,5055447,223.92326708145043,0.0,1.0
2024-12-29 12:13:55.071374,251.43471508832073,257.28925330065846,251.42734460362993,252.8625745777779,2673879,252.8625745777779,0.0,1.0
2024-12-30 12:13:55.071374,225.72960031079586,226.38244052387395,211.79174606218774,222.37441039621785,2780752,222.37441039621785,0.0,1.0
2024-12-31 12:13:55.071374,231.41285684647153,243.67433192113276,231.14874748451172,232.41274194621695,4293331,232.41274194621695,0.0,1.0
2025-01-01 12:13:55.071374,241.2752486263454,251.93703158269568,231.19251039653778,238.25795522341036,4764455,238.25795522341036,0.0,1.0
2025-01-02 12:13:55.071374,250.88834058852242,263.1671598587703,249.26701796993856,251.50064497857323,8253817,251.50064497857323,0.0,1.0
2025-01-03 12:13:55.071374,221.7696538865465,233.95324204793647,219.35663909249226,222.86665321348036,5335518,222.86665321348036,0.0,1.0
2025-01-04 12:13:55.071374,248.6225740959582,251.15922095844752,243.24009750919885,248.99427488418698,9791690,248.99427488418698,0.0,1.0
2025-01-05 12:13:55.071374,235.71460740982184,242.30973196904392,232.63204031186922,237.60233061019588,9589747,237.60233061019588,0.0,1.0
2025-01-06 12:13:55.071374,230.0787134301679,238.80144007833036,226.43843305996694,227.8222761268831,6222798,227.8222761268831,0.0,1.0
2025-01-07 12:13:55.071374,242.42213645831842,250.8586767207004,235.17406703750316,242.395760017358,4904722,242.395760017358,0.0,1.0
2025-01-08 12:13:55.071374,237.33296913151074,241.74868692387753,229.3471082368486,239.90268486782261,6215622,239.90268486782261,0.0,1.0
2025-01-09 12:13:55.071374,235.75608952169915,245.37297088420195,228.19057921161502,232.04728177786262,7879771,232.04728177786262,0.0,1.0
2025-01-10 12:13:55.071374,237.77536898421474,241.56560647442865,235.49089388137816,238.88483403671339,9481209,238.88483403671339,0.0,1.0
2025-01-11 12:13:55.071374,234.87951524092148,237.50802388451734,231.68417727365568,234.47103985555822,4175684,234.47103985555822,0.0,1.0
2025-01-12 12:13:55.071374,243.49228716492567,250.02974368389482,237.17455266768238,239.59671191405093,1629085,239.59671191405093,0.0,1.0
2025-01-13 12:13:55.071374,246.43883453131815,253.7450058557914,238.2998890014987,245.22020784411157,7071845,245.22020784411157,0.0,1.0
2025-01-14 12:13:55.071374,250.69497622217023,261.98082583314647,248.41157387994542,254.59643189771725,3518638,254.59643189771725,0.0,1.0
2025-01-15 12:13:55.071374,230.48027075208822,231.53456630477257,216.53203814913775,226.49547138535792,1603103,226.49547138535792,0.0,1.0
2025-01-16 12:13:55.071374,261.67123009608787,273.15154326037117,254.41190721918375,260.34132275755167,2989968,260.34132275755167,0.0,1.0
2025-01-17 12:13:55.071374,218.17710314243942,222.54412697092263,207.3310683785905,219.62747365312663,6303943,219.62747365312663,0.0,1.0
2025-01-18 12:13:55.071374,234.3370829942297,239.30758764053144,226.42335367252272,237.76786333535844,6497191,237.76786333535844,0.0,1.0
2025-01-19 12:13:55.071374,248.19129763943712,259.22027460029915,237.5357017644095,245.3062489879227,2257008,245.3062489879227,0.0,1.0
2025-01-20 12:13:55.071374,243.5344413125496,255.1711439980938,235.05286618536863,242.3703582377899,7473507,242.3703582377899,0.0,1.0
2025-01-21 12:13:55.071374,233.78329452546828,243.86084625875372,229.91583114899834,233.47080699959628,8437693,233.47080699959628,0.0,1.0
2025-01-22 12:13:55.071374,241.4999229106137,251.27482639266177,230.48530623510763,237.7539423315921,6137997,237.7539423315921,0.0,1.0
2025-01-23 12:13:55.071374,237.75582273595262,245.54520254585088,228.56349616605468,235.04251812593915,8270518,235.04251812593915,0.0,1.0
2025-01-24 12:13:55.071374,230.9529065063902,240.6672297164372,222.1483365535187,234.21624254044798,6511934,234.21624254044798,0.0,1.0
2025-01-25 12:13:55.071374,246.8699589484514,249.82514228898498,239.1336937248774,248.743273717463,9173321,248.743273717463,0.0,1.0
2025-01-26 12:13:55.071374,241.50047927984588,248.9369757317756,232.16974151134372,243.95477024426586,8899284,243.95477024426586,0.0,1.0
2025-01-27 12:13:55.071374,235.8722467714591,240.26759066413996,222.76814030534294,233.59288206937148,2003171,233.59288206937148,0.0,1.0
2025-01-28 12:13:55.071374,244.99709468041283,252.8977853661067,240.13939755476315,249.65533941367318,8214938,249.65533941367318,0.0,1.0
2025-01-29 12:13:55.071374,244.55145756059778,253.39712972215764,239.8240562662513,243.8696985054694,3900737,243.8696985054694,0.0,1.0
2025-01-30 12:13:55.071374,251.67743374362374,257.9174703666416,244.32414927751148,249.06268712245554,2370485,249.06268712245554,0.0,1.0
2025-01-31 12:13:55.071374,251.09570320691626,252.1132210356958,240.7320043138174,247.36771699066472,8045900,247.36771699066472,0.0,1.0
2025-02-01 12:13:55.071374,231.44755565646804,235.48308191095765,224.27020239842298,232.9188410995705,2681076,232.9188410995705,0.0,1.0
2025-02-02 12:13:55.071374,238.77372713884623,246.93093921881032,234.13342749155402,235.74434344418415,9501598,235.74434344418415,0.0,1.0
2025-02-03 12:13:55.071374,245.07902287485916,249.90411597010547,239.1858745657823,248.9564525347491,6312399,248.9564525347491,0.0,1.0
2025-02-04 12:13:55.071374,251.15757173821368,261.846924817177,241.27360919795743,247.72458177521378,1981883,247.72458177521378,0.0,1.0
2025-02-05 12:13:55.071374,237.95003280970582,247.52933883194999,226.357607689218,241.54922581860026,2668321,241.54922581860026,0.0,1.0
2025-02-06 12:13:55.071374,242.07022770615936,248.90966024082,234.0970132877362,243.06887822869223,4293705,243.06887822869223,0.0,1.0
2025-02-07 12:13:55.071374,257.8397647104572,265.4770789009198,246.91301017252013,254.80961599085128,7154512,254.80961599085128,0.0,1.0
2025-02-08 12:13:55.071374,232.94627083422418,245.9963500193389,225.94417126919637,236.25461578197135,4759505,236.25461578197135,0.0,1.0
2025-02-09 12:13:55.071374,245.095236993675,252.0876511992951,239.950349360639,247.7786661193927,9415414,247.7786661193927,0.0,1.0
2025-02-10 12:13:55.071374,242.56051473242002,250.7835120805011,234.81649168054707,240.423128420716,6418952,240.423128420716,0.0,1.0
2025-02-11 12:13:55.071374,242.521526222606,249.3816351896646,235.69251487013938,240.40560555014537,5609688,240.40560555014537,0.0,1.0
2025-02-12 12:13:55.071374,255.13995753764146,258.54643661326025,250.7250041705617,253.70754873965214,5264423,253.70754873965214,0.0,1.0
2025-02-13 12:13:55.071374,253.05941223718744,264.1766916332377,248.7632365741969,251.11130634702317,9181883,251.11130634702317,0.0,1.0
2025-02-14 12:13:55.071374,251.55877675240538,261.58875247970417,247.5902198725511,251.12960185451186,9306681,251.12960185451186,0.0,1.0
2025-02-15 12:13:55.071374,253.64322543680473,264.6209848930186,253.07916977612982,256.1866562034114,8170837,256.1866562034114,0.0,1.0
2025-02-16 12:13:55.071374,241.97647611619558,253.8342200746811,230.09824511571193,243.47926918555837,2519603,243.47926918555837,0.0,1.0
2025-02-17 12:13:55.071374,247.03922036285545,261.0771063950547,237.10550139208635,250.22612311954305,2750740,250.22612311954305,0.0,1.0
2025-02-18 12:13:55.071374,244.36962364788667,253.02474334918415,228.51014542433757,240.4412884780215,1863403,240.4412884780215,0.0,1.0
2025-02-19 12:13:55.071374,247.74663623241022,258.1149980615999,242.5706524620011,246.9229822062031,1885421,246.9229822062031,0.0,1.0
2025-02-20 12:13:55.071374,241.55544110201572,250.9746938439074,240.32387731564992,242.51725077500447,5278384,242.51725077500447,0.0,1.0
2025-02-21 12:13:55.071374,244.5537729390246,253.25521166180775,235.303310005653,244.92600360597115,6495671,244.92600360597115,0.0,1.0
2025-02-22 12:13:55.071374,254.51861493968102,262.3910204981438,249.132744569921,250.04497684777573,1978836,250.04497684777573,0.0,1.0
2025-02-23 12:13:55.071374,232.77552628035917,244.9324464314826,221.83818864095102,236.0485623984345,4223522,236.0485623984345,0.0,1.0
2025-02-24 12:13:55.071374,266.20704802475495,268.3181378688412,264.42232473098926,265.2920046249865,3217181,265.2920046249865,0.0,1.0
2025-02-25 12:13:55.071374,234.50054361887794,244.82877721338406,226.84486933957012,234.44532069049748,9568438,234.44532069049748,0.0,1.0
2025-02-26 12:13:55.071374,233.53749973347135,243.71790761489288,222.05494451901015,232.50097101497983,2556518,232.50097101497983,0.0,1.0
2025-02-27 12:13:55.071374,251.41981197627467,256.7362221319305,244.95671069442133,256.36132851522046,3659083,256.36132851522046,0.0,1.0
2025-02-28 12:13:55.071374,256.59763552924414,267.1927668080122,243.43859391340487,252.8342093572118,5113640,252.8342093572118,0.0,1.0
2025-03-01 12:13:55.071374,255.63972953768038,257.2869424410038,242.31070914281716,251.2961432254666,5500398,251.2961432254666,0.0,1.0
2025-03-02 12:13:55.071374,252.13093946597886,256.3556310438349,242.7657735620029,251.4757627849505,5877708,251.4757627849505,0.0,1.0
2025-03-03 12:13:55.071374,247.13601053768417,256.3233937507711,242.7922291723344,245.2072026012012,8880317,245.2072026012012,0.0,1.0
2025-03-04 12:13:55.071374,240.49124026661,242.42430760589943,231.04519832715914,236.49448925217465,9281447,236.49448925217465,0.0,1.0
2025-03-05 12:13:55.071374,248.40467382063574,258.56401541175234,237.87904536322492,246.3624411863329,4895958,246.3624411863329,0.0,1.0
2025-03-06 12:13:55.071374,235.64882936860613,248.91290222378012,231.05760997824234,238.97014112663715,8076042,238.97014112663715,0.0,1.0
2025-03-07 12:13:55.071374,256.41038292471495,262.91638272149265,252.00229353965062,255.63031821329838,9839765,255.63031821329838,0.0,1.0
2025-03-08 12:13:55.071374,245.58977882532326,245.66819406645044,235.6520684296807,244.5459097014621,2265898,244.5459097014621,0.0,1.0
2025-03-09 12:13:55.071374,237.17690507062488,241.31317662245806,230.22227461681967,237.89887418592104,3120539,237.89887418592104,0.0,1.0
2025-03-10 12:13:55.071374,245.3763199069598,252.94528275108885,232.40487028673817,243.07735037467884,1880412,243.07735037467884,0.0,1.0
2025-03-11 12:13:55.071374,254.91124920957574,267.41701892698273,240.29941157598583,250.5578859713277,6947148,250.5578859713277,0.0,1.0
2025-03-12 12:13:55.071374,245.0299550858004,252.77061709317513,237.087295675776,240.92868853789432,4231185,240.92868853789432,0.0,1.0
2025-03-13 12:13:55.071374,238.01213753052426,241.57900484322886,228.27075710225014,238.48109274763237,8319764,238.48109274763237,0.0,1.0
2025-03-14 12:13:55.071374,245.42108884782834,257.17970028544994,239.5943428775659,249.27753145557844,9706483,249.27753145557844,0.0,1.0
2025-03-15 12:13:55.071374,254.2650004552528,261.1299695962169,245.7990917809554,249.4276876891092,6923098,249.4276876891092,0.0,1.0
2025-03-16 12:13:55.071374,245.32710927194546,254.8929700955189,231.2371115530592,242.04595286167333,2228337,242.04595286167333,0.0,1.0
2025-03-17 12:13:55.071374,238.90095616967767,243.8397310497815,233.73247994699815,242.54236419656405,1484814,242.54236419656405,0.0,1.0
2025-03-18 12:13:55.071374,253.91415658016868,263.57594448005756,240.42840125212467,249.71060926368625,9359922,249.71060926368625,0.0,1.0
2025-03-19 12:13:55.071374,236.49475312448152,242.89508841940852,232.6146407746718,233.0466291124993,4690583,233.0466291124993,0.0,1.0
2025-03-20 12:13:55.071374,233.76621284039393,245.0219625272789,227.55826370398643,233.5901974210696,2599908,233.5901974210696,0.0,1.0
2025-03-21 12:13:55.071374,241.49625520925002,245.62429760218092,238.2836737276346,240.61775558967344,3164412,240.61775558967344,0.0,1.0
2025-03-22 12:13:55.071374,244.8120629481968,253.58017295724562,239.3065645444933,245.80508892244197,6309792,245.80508892244197,0.0,1.0
2025-03-23 12:13:55.071374,246.71249303583556,262.8916192593866,234.9123890945244,251.18599873290313,3353847,251.18599873290313,0.0,1.0
2025-03-24 12:13:55.071374,261.2343348161937,264.3156860116243,256.44266199744715,262.96784788378125,3892478,262.96784788378125,0.0,1.0
2025-03-25 12:13:55.071374,260.0407087802444,272.2265867857446,256.3039518846947,256.9282445836685,2984117,256.9282445836685,0.0,1.0
2025-03-26 12:13:55.071374,241.9975771126208,255.38121811417247,237.17712839887608,246.88962568937671,6949852,246.88962568937671,0.0,1.0
2025-03-27 12:13:55.071374,246.78161814716486,249.27887064567685,244.55057485468032,248.43621154734674,1029725,248.43621154734674,0.0,1.0
2025-03-28 12:13:55.071374,237.7660007172866,242.33102128023057,236.38941241135862,238.73844261735817,1888036,238.73844261735817,0.0,1.0
2025-03-29 12:13:55.071374,249.08800288383466,257.90786144677105,239.11652322195872,248.71596754117502,3971783,248.71596754117502,0.0,1.0
2025-03-30 12:13:55.071374,250.28580504013814,251.1286500155656,236.45404313975388,246.15187514926015,3662761,246.15187514926015,0.0,1.0
2025-03-31 12:13:55.071374,250.85170043973858,259.75008859685687,245.97239641723286,252.40300977920506,7524559,252.40300977920506,0.0,1.0
2025-04-01 12:13:55.071374,239.56525599787255,245.20947515356403,232.51040022756177,241.04087737766358,3513024,241.04087737766358,0.0,1.0
2025-04-02 12:13:55.071374,257.0631454445414,265.0438702471731,252.60509655647593,254.64401459296118,3398083,254.64401459296118,0.0,1.0
2025-04-03 12:13:55.071374,264.40897327465825,265.521189451226,263.0872341099813,264.91530121793784,7536295,264.91530121793784,0.0,1.0
2025-04-04 12:13:55.071374,245.89872859886955,259.4725174219743,237.94908556043592,248.63767324070616,4909439,248.63767324070616,0.0,1.0
2025-04-05 12:13:55.071374,253.39676882474237,266.23721161285806,243.72804209719746,253.87975458362678,6627745,253.87975458362678,0.0,1.0
2025-04-06 12:13:55.071374,253.21086597308908,269.34674572344596,250.4321997558841,256.90143991711113,4911146,256.90143991711113,0.0,1.0
