,open,high,low,close,volume,adjclose,dividend,split
2024-04-07 14:44:32.742234,153.2537990176456,156.33385088521132,151.33545862452033,154.96714153011231,6877809,154.96714153011231,0.0,1.0
2024-04-08 14:44:32.742234,151.51098118480158,155.28639069673372,142.2845307532576,148.75471962565078,7396567,148.75471962565078,0.0,1.0
2024-04-09 14:44:32.742234,153.69278778198967,160.03497260345793,151.8351276156308,156.7516106557322,9002619,156.7516106557322,0.0,1.0
2024-04-10 14:44:32.742234,168.75566048458714,176.47493169840536,157.56389892827605,165.64238647616816,5021080,165.64238647616816,0.0,1.0
2024-04-11 14:44:32.742234,145.49962409175532,150.89339904471265,138.38559130871974,148.20791680221717,8667857,148.20791680221717,0.0,1.0
2024-04-12 14:44:32.742234,150.66641556609744,155.04017384888877,143.32847651239717,148.3454436173214,5428690,148.3454436173214,0.0,1.0
2024-04-13 14:44:32.742234,166.80092223573314,172.07403555181799,162.35628489777997,166.61630397924975,6439433,166.61630397924975,0.0,1.0
2024-04-14 14:44:32.742234,161.76396203616616,161.86987259508814,156.81480462114783,158.63588575306756,9889782,158.63588575306756,0.0,1.0
2024-04-15 14:44:32.742234,143.90823904945094,151.26138872690424,141.62941881688207,146.40415723955158,3881777,146.40415723955158,0.0,1.0
2024-04-16 14:44:32.742234,156.99934067564206,158.39691714639713,152.32156842453603,156.6618641721234,3748996,156.6618641721234,0.0,1.0
2024-04-17 14:44:32.742234,149.4940572735067,156.677772327689,141.41006829141563,146.73944944550175,1195246,146.73944944550175,0.0,1.0
2024-04-18 14:44:32.742234,146.98937162254674,148.08196366935294,146.8325775869526,146.85369147528644,4696176,146.85369147528644,0.0,1.0
2024-04-19 14:44:32.742234,154.8654218065305,158.07596879713793,149.64762014317705,154.067974364012,9899691,154.067974364012,0.0,1.0
2024-04-20 14:44:32.742234,133.6915771824364,134.26210376930797,129.01415640436622,132.6529118391363,2012384,132.6529118391363,0.0,1.0
2024-04-21 14:44:32.742234,134.4290133165932,141.38654569334687,128.80735209265788,134.67389859794662,9143478,134.67389859794662,0.0,1.0
2024-04-22 14:44:32.742234,147.18473605003848,150.880508052101,144.9351847734239,146.43756426802983,1866964,146.43756426802983,0.0,1.0
2024-04-23 14:44:32.742234,142.54863064959648,146.7921965960094,139.893570481169,142.06949099445796,9437712,142.06949099445796,0.0,1.0
2024-04-24 14:44:32.742234,157.97248216113965,158.5022940425234,149.41999315176875,155.4776381611176,1863663,155.4776381611176,0.0,1.0
2024-04-25 14:44:32.742234,140.7851073989765,148.76921405722194,134.32575324676097,143.39228671731536,6783182,143.39228671731536,0.0,1.0
2024-04-26 14:44:32.742234,137.27350435311018,139.94031134829567,135.08055533073676,138.48685309653717,7980571,138.48685309653717,0.0,1.0
2024-04-27 14:44:32.742234,170.41976312326656,178.07207308718256,164.5119346860587,167.4037404364683,6334538,167.4037404364683,0.0,1.0
2024-04-28 14:44:32.742234,152.97822059436203,154.54731545307726,145.1535208824885,150.62685237975003,7349449,150.62685237975003,0.0,1.0
2024-04-29 14:44:32.742234,153.42464264488157,155.1626690785963,153.0477056247529,153.69726006885725,2206861,153.69726006885725,0.0,1.0
2024-04-30 14:44:32.742234,139.57937249571603,139.83445148087424,133.0154524840094,138.9118587972061,4119612,138.9118587972061,0.0,1.0
2024-05-01 14:44:32.742234,146.53628275707499,151.34269882761825,142.37710535178635,147.85287605145146,3891005,147.85287605145146,0.0,1.0
2024-05-02 14:44:32.742234,152.61534052601357,158.90791223596713,152.18508674882017,154.5432918311646,5936600,154.5432918311646,0.0,1.0
2024-05-03 14:44:32.742234,141.8552104457997,142.5282261675488,137.73947526713002,142.06149279720555,5736319,142.06149279720555,0.0,1.0
2024-05-04 14:44:32.742234,156.54209121077466,163.57172411219153,153.7127960072198,157.46577139224794,1257681,157.46577139224794,0.0,1.0
2024-05-05 14:44:32.742234,148.33447495015469,151.6963930153105,143.38679175632944,147.8397669469658,9482626,147.8397669469658,0.0,1.0
2024-05-06 14:44:32.742234,148.51497163287152,155.02747118761604,143.1254762011337,151.06657898558373,6629481,151.06657898558373,0.0,1.0
2024-05-07 14:44:32.742234,150.91420019386874,154.2400680653405,147.9851644270674,148.10381299858514,3054780,148.10381299858514,0.0,1.0
2024-05-08 14:44:32.742234,176.14134320805607,179.67089040059366,167.67822985350284,172.78102360333114,8991208,172.78102360333114,0.0,1.0
2024-05-09 14:44:32.742234,155.48337419911553,159.83411255160118,153.4438159589522,154.26063214822506,5423408,154.26063214822506,0.0,1.0
2024-05-10 14:44:32.742234,144.16370907854756,145.28270956112942,138.41323048289257,143.95585774340805,1842186,143.95585774340805,0.0,1.0
2024-05-11 14:44:32.742234,161.6546929000301,164.37754501641575,155.29442702926494,162.89577879136155,6352727,162.89577879136155,0.0,1.0
2024-05-12 14:44:32.742234,144.38913325944057,150.6107572031201,135.69127787006278,142.5992558079821,8116355,142.5992558079821,0.0,1.0
2024-05-13 14:44:32.742234,158.19405160908315,165.67754352132914,154.29868869148083,157.0336908951025,8226585,157.0336908951025,0.0,1.0
2024-05-14 14:44:32.742234,133.6572929174174,138.0146203503153,129.4372399450901,135.48571634361983,6538917,135.48571634361983,0.0,1.0
2024-05-15 14:44:32.742234,144.2709657199115,146.2239954928086,140.9752843384756,141.93791973079593,2124905,141.93791973079593,0.0,1.0
2024-05-16 14:44:32.742234,159.35549182895895,164.48673502648285,153.18187275233558,157.3257552158341,4105958,157.3257552158341,0.0,1.0
2024-05-17 14:44:32.742234,165.80969277947193,169.1982971463843,162.62013988931122,162.87917129445958,6559277,162.87917129445958,0.0,1.0
2024-05-18 14:44:32.742234,158.76618936001276,158.9677141075093,150.93785412070116,157.34555094376785,4258084,157.34555094376785,0.0,1.0
2024-05-19 14:44:32.742234,155.31416534944407,156.52680086579798,153.5971212944115,154.61274794534836,9593059,154.61274794534836,0.0,1.0
2024-05-20 14:44:32.742234,152.3955453922979,158.3690050673441,150.69326316923997,152.89555645070052,2980290,152.89555645070052,0.0,1.0
2024-05-21 14:44:32.742234,143.7038032863013,148.43829711274586,139.64077160513534,141.25873614028177,1403322,141.25873614028177,0.0,1.0
2024-05-22 14:44:32.742234,151.1643666484193,151.36916407569427,147.82664453880636,148.9828765973716,5310796,148.9828765973716,0.0,1.0
2024-05-23 14:44:32.742234,148.95245686313228,153.3960888992942,147.17265367911295,151.71229360908345,6181057,151.71229360908345,0.0,1.0
2024-05-24 14:44:32.742234,163.86288104061734,168.95705579653514,160.80045029202176,167.02726621823314,8017403,167.02726621823314,0.0,1.0
2024-05-25 14:44:32.742234,159.2388088216764,165.40572548603143,152.32183227989708,160.02958948909122,5077716,160.02958948909122,0.0,1.0
2024-05-26 14:44:32.742234,140.82829097694645,140.96708104425562,132.3715694696031,139.1003676771419,7941447,139.1003676771419,0.0,1.0
2024-05-27 14:44:32.742234,163.22966275933447,164.0793431957192,159.475323077922,160.1089715620798,6037285,160.1089715620798,0.0,1.0
2024-05-28 14:44:32.742234,151.01306025031656,159.28021597352858,148.11851979280559,153.15467170133135,2908802,153.15467170133135,0.0,1.0
2024-05-29 14:44:32.742234,150.93982826116041,152.28730329253182,148.84386576088613,150.37363713979755,8334901,150.37363713979755,0.0,1.0
2024-05-30 14:44:32.742234,162.61849968323904,168.72981989221284,158.40279681742288,163.39698266862848,2548075,163.39698266862848,0.0,1.0
2024-05-31 14:44:32.742234,170.88028178833383,172.9153188254535,160.32498967902964,167.72757764254195,1493948,167.72757764254195,0.0,1.0
2024-06-01 14:44:32.742234,169.15129079217905,169.99232278934983,159.56883248414533,166.86774624610703,5168962,166.86774624610703,0.0,1.0
2024-06-02 14:44:32.742234,151.32063327721812,153.1604817740904,146.9528752467432,149.3001324600813,7520645,149.3001324600813,0.0,1.0
2024-06-03 14:44:32.742234,154.5437728253893,160.32563722139932,150.14163900745825,154.7375465711582,7689921,154.7375465711582,0.0,1.0
2024-06-04 14:44:32.742234,160.73015198819593,168.17998936455697,154.30516287878297,161.2796672810686,9383190,161.2796672810686,0.0,1.0
2024-06-05 14:44:32.742234,166.33841270726683,174.82787584258486,162.11004490192943,167.8598468756192,8228161,167.8598468756192,0.0,1.0
2024-06-06 14:44:32.742234,150.72704838025467,156.49740680933513,143.67459713949034,153.45001586330534,1780641,153.45001586330534,0.0,1.0
2024-06-07 14:44:32.742234,158.80602189187474,164.11081903306845,153.25098639999464,156.5225311124827,5466134,156.5225311124827,0.0,1.0
2024-06-08 14:44:32.742234,149.29866315074463,150.8288572143686,142.06367311005926,147.45313377642321,2554205,147.45313377642321,0.0,1.0
2024-06-09 14:44:32.742234,149.62395891097327,151.81705510834422,145.20695912030308,146.69177991303945,7606963,146.69177991303945,0.0,1.0
2024-06-10 14:44:32.742234,170.232341664509,177.8616089297402,161.16086974836446,166.91646701515077,7651143,166.91646701515077,0.0,1.0
2024-06-11 14:44:32.742234,172.87343046480672,172.98581482080382,167.7924914215176,172.49097171427965,3551331,172.49097171427965,0.0,1.0
2024-06-12 14:44:32.742234,160.0495543014492,160.73383441406068,150.52054441112003,158.34583285013073,4127748,158.34583285013073,0.0,1.0
2024-06-13 14:44:32.742234,172.24948731725095,174.0399023607113,161.38973498437133,169.23862568221693,5001070,169.23862568221693,0.0,1.0
2024-06-14 14:44:32.742234,165.23611945884,165.45532337928006,158.0071476196168,162.95701959113566,8365624,162.95701959113566,0.0,1.0
2024-06-15 14:44:32.742234,151.48032372489283,154.41504885553198,147.54137204120306,153.02682443197074,3883791,153.02682443197074,0.0,1.0
2024-06-16 14:44:32.742234,162.9064347430439,167.98781514949695,159.64847341922584,163.22934067046876,4496605,163.22934067046876,0.0,1.0
2024-06-17 14:44:32.742234,172.53525427658172,178.82338258766114,166.4245954217813,175.13311291740695,5948600,175.13311291740695,0.0,1.0
2024-06-18 14:44:32.742234,162.42927350483077,169.67907438025816,157.09884430716374,159.53184949901038,7416438,159.53184949901038,0.0,1.0
2024-06-19 14:44:32.742234,176.41999360880146,183.63066300567405,174.44526682164772,175.6739090856126,6311499,175.6739090856126,0.0,1.0
2024-06-20 14:44:32.742234,132.51326358354123,136.2570029466945,131.05463038671965,133.9673841239377,1308623,133.9673841239377,0.0,1.0
2024-06-21 14:44:32.742234,169.6786312179325,171.87956187245638,160.4289923484238,168.52122284595004,4647371,168.52122284595004,0.0,1.0
2024-06-22 14:44:32.742234,162.07224192772787,165.14912191945822,157.12005909666854,161.31003112194216,4296903,161.31003112194216,0.0,1.0
2024-06-23 14:44:32.742234,156.69278195558047,162.23798558773186,149.6802329361734,157.58684957226438,6998223,157.58684957226438,0.0,1.0
2024-06-24 14:44:32.742234,159.13343675589653,163.79827517160314,153.10263767929368,161.63189347964075,2147116,161.63189347964075,0.0,1.0
2024-06-25 14:44:32.742234,141.9434670385463,146.3731600349677,140.88194652026542,140.9759592056394,4772763,140.9759592056394,0.0,1.0
2024-06-26 14:44:32.742234,158.9212803655963,162.1744915637376,151.9840371987481,158.79229211063586,7478450,158.79229211063586,0.0,1.0
2024-06-27 14:44:32.742234,166.49150566723333,171.0870639842032,160.57090594064314,164.6974993414911,1310375,164.6974993414911,0.0,1.0
2024-06-28 14:44:32.742234,176.18466217945635,180.0266024396166,172.6816323802793,176.04267671115142,3126453,176.04267671115142,0.0,1.0
2024-06-29 14:44:32.742234,158.4190858917076,160.7515357143595,153.8943744549049,156.2183967183624,2271300,156.2183967183624,0.0,1.0
2024-06-30 14:44:32.742234,153.77213700584966,161.06442159894144,150.0748524104449,153.45352550952967,6238631,153.45352550952967,0.0,1.0
2024-07-01 14:44:32.742234,157.04011118826642,163.03594812920912,148.90187524769232,156.65825373997882,4842411,156.65825373997882,0.0,1.0
2024-07-02 14:44:32.742234,173.54302458324557,174.75880779856928,165.20955651006247,170.96720799020756,7310208,170.96720799020756,0.0,1.0
2024-07-03 14:44:32.742234,164.600128387281,172.41325874638017,160.63089211635264,165.2380605471463,7127764,165.2380605471463,0.0,1.0
2024-07-04 14:44:32.742234,154.49499541804605,160.61153448532679,147.44899236628277,156.7903100502417,6859046,156.7903100502417,0.0,1.0
2024-07-05 14:44:32.742234,164.2034704623263,174.84347035725017,158.87200488631512,167.35794905640827,7034207,167.35794905640827,0.0,1.0
2024-07-06 14:44:32.742234,165.00031040475443,171.5991286802635,155.43790106712822,163.33341285611777,8940879,163.33341285611777,0.0,1.0
2024-07-07 14:44:32.742234,173.01507688681912,176.69349424527203,164.2536350332634,172.18644990532889,4341861,172.18644990532889,0.0,1.0
2024-07-08 14:44:32.742234,156.88716157560447,157.06341887585,150.92438724715547,155.6168316985891,8359201,155.6168316985891,0.0,1.0
2024-07-09 14:44:32.742234,157.6668369301683,161.64078027665963,150.82973874119844,159.4981038087476,3615804,159.4981038087476,0.0,1.0
2024-07-10 14:44:32.742234,156.67845977895783,163.29675482472572,153.29060808837315,158.99100638076635,5312717,158.99100638076635,0.0,1.0
2024-07-11 14:44:32.742234,145.5323605023415,153.11516242999838,143.27271569933544,148.41430106812936,2982243,148.41430106812936,0.0,1.0
2024-07-12 14:44:32.742234,165.15503273091318,168.2903923211884,163.5083272191322,166.14801595745897,4413654,166.14801595745897,0.0,1.0
2024-07-13 14:44:32.742234,166.53154722436292,167.69190635588592,159.29858594103462,165.9347285459747,6986417,165.9347285459747,0.0,1.0
2024-07-14 14:44:32.742234,162.80789445914613,170.33875676850926,156.03087406499782,163.51267302796307,8863020,163.51267302796307,0.0,1.0
2024-07-15 14:44:32.742234,160.8497354347506,169.18992147244305,153.64823413565165,161.25302976514965,4270209,161.25302976514965,0.0,1.0
2024-07-16 14:44:32.742234,152.00075994294423,155.99602530317188,146.86337168214231,149.5825563157596,9604008,149.5825563157596,0.0,1.0
2024-07-17 14:44:32.742234,158.69802832114297,161.03775045892868,156.36894214759673,159.66717314597278,8323988,159.66717314597278,0.0,1.0
2024-07-18 14:44:32.742234,160.67370328343014,162.861334612584,152.8082628808537,160.58384384572133,4324664,160.58384384572133,0.0,1.0
2024-07-19 14:44:32.742234,157.89699858960998,158.04219022105383,155.62763395685968,156.12557895613546,9210880,156.12557895613546,0.0,1.0
2024-07-20 14:44:32.742234,161.99966992127182,170.10943712752686,154.3206529650544,162.6728571690542,4594058,162.6728571690542,0.0,1.0
2024-07-21 14:44:32.742234,169.2862720216695,170.28295411411884,164.59984228956506,168.46358549122232,5584258,168.46358549122232,0.0,1.0
2024-07-22 14:44:32.742234,186.08092194764885,191.4448578117339,180.7540591591541,183.42229857254486,9117654,183.42229857254486,0.0,1.0
2024-07-23 14:44:32.742234,169.43637320740092,171.75811933999063,165.36976227530468,166.44358032612058,5212377,166.44358032612058,0.0,1.0
2024-07-24 14:44:32.742234,165.0473221594087,172.04943424256712,162.6878628483125,167.4106687423925,1233782,167.4106687423925,0.0,1.0
2024-07-25 14:44:32.742234,167.03037478075774,172.47072436106967,162.5999776189391,164.2280683148658,7906117,164.2280683148658,0.0,1.0
2024-07-26 14:44:32.742234,145.8761616495314,151.97606451384178,141.0582381250218,145.9221779568997,7112674,145.9221779568997,0.0,1.0
2024-07-27 14:44:32.742234,163.38669991723856,166.68490488216753,161.8739442386132,164.9821139927606,5809109,164.9821139927606,0.0,1.0
2024-07-28 14:44:32.742234,165.71560028973255,166.07817566923583,158.09363426828372,165.98691748402564,4735466,165.98691748402564,0.0,1.0
2024-07-29 14:44:32.742234,193.80561138380352,195.13207154506065,189.15434536847764,190.15439914683088,2583246,190.15439914683088,0.0,1.0
2024-07-30 14:44:32.742234,163.687383740476,171.1039915238796,159.98471272389398,163.73573101152945,1726331,163.73573101152945,0.0,1.0
2024-07-31 14:44:32.742234,167.65582418295273,176.18834103040803,166.12426953510266,168.81217672003942,2794291,168.81217672003942,0.0,1.0
2024-08-01 14:44:32.742234,166.47052585135415,171.44310951479318,161.05250104342215,165.5869482370135,7353385,165.5869482370135,0.0,1.0
2024-08-02 14:44:32.742234,152.77994710615653,159.02017740690104,150.05723806239007,154.38464819523327,5952075,154.38464819523327,0.0,1.0
2024-08-03 14:44:32.742234,174.6233243862023,183.54377598531414,170.48826729781254,177.6370193539414,4898606,177.6370193539414,0.0,1.0
2024-08-04 14:44:32.742234,171.28448389956432,175.39003478641698,168.98575638759567,173.86548417302157,3878117,173.86548417302157,0.0,1.0
2024-08-05 14:44:32.742234,171.7991754362195,182.36722629854532,163.91041484459495,174.39383595394696,5481617,174.39383595394696,0.0,1.0
2024-08-06 14:44:32.742234,155.3336155332952,160.82538789241585,148.0356701271916,157.52700457293173,8374626,157.52700457293173,0.0,1.0
2024-08-07 14:44:32.742234,178.1743825662204,184.2494925075035,171.46703674540308,180.78618486760274,6287913,180.78618486760274,0.0,1.0
2024-08-08 14:44:32.742234,153.73855463051277,157.72743752963106,146.45277543038745,152.8770937676816,4733149,152.8770937676816,0.0,1.0
2024-08-09 14:44:32.742234,170.70140106430642,173.30756236535478,169.60706482319745,172.90153797096974,6316741,172.90153797096974,0.0,1.0
2024-08-10 14:44:32.742234,187.90766829640683,190.64688637739698,180.57188434270688,189.07488592842944,3804802,189.07488592842944,0.0,1.0
2024-08-11 14:44:32.742234,159.90054585085687,165.8011447569998,157.212385809123,157.40232905638544,5157263,157.40232905638544,0.0,1.0
2024-08-12 14:44:32.742234,161.61357605155342,162.45184467520218,156.25524393221815,161.78207764902723,5488198,161.78207764902723,0.0,1.0
2024-08-13 14:44:32.742234,169.7087994124837,174.8268104305161,161.6850468508911,168.57893123329399,3733460,168.57893123329399,0.0,1.0
2024-08-14 14:44:32.742234,160.55267769811522,164.68075496451993,158.86445430800592,162.68502367861825,8084609,162.68502367861825,0.0,1.0
2024-08-15 14:44:32.742234,150.4753115676881,155.31597778519205,147.90750887683134,152.35050854648154,7216538,152.35050854648154,0.0,1.0
2024-08-16 14:44:32.742234,165.5822814864747,171.11498017067393,161.42778658000594,168.68013524256577,5115362,168.68013524256577,0.0,1.0
2024-08-17 14:44:32.742234,155.42300494665483,160.30991068396065,151.96766829555065,157.5088309946071,2252557,157.5088309946071,0.0,1.0
2024-08-18 14:44:32.742234,171.47295456634225,179.22508749222575,169.06548953051077,173.0051550755826,2490687,173.0051550755826,0.0,1.0
2024-08-19 14:44:32.742234,157.15539425755918,161.5776234090859,151.09276929187766,159.21235106425536,5057025,159.21235106425536,0.0,1.0
2024-08-20 14:44:32.742234,181.0154383738232,189.25544905357495,180.982257484218,184.04330009413144,6272864,184.04330009413144,0.0,1.0
2024-08-21 14:44:32.742234,158.4079753782126,164.6773922156219,158.20832717071184,160.8487857579563,4788963,160.8487857579563,0.0,1.0
2024-08-22 14:44:32.742234,165.33826774998212,171.09319923402293,162.44754048517905,165.59806615662455,4874910,165.59806615662455,0.0,1.0
2024-08-23 14:44:32.742234,175.010987371988,185.38643202191713,168.0065440713754,177.09121612974067,4368045,177.09121612974067,0.0,1.0
2024-08-24 14:44:32.742234,155.93354672003616,162.52757057685926,153.44038950510674,156.78476342906706,6185773,156.78476342906706,0.0,1.0
2024-08-25 14:44:32.742234,171.52881178871007,173.37223517596445,163.54922088510165,171.50536857681053,5832691,171.50536857681053,0.0,1.0
2024-08-26 14:44:32.742234,183.82898135692676,184.1155995546183,173.59719289027183,182.43955941095612,1968616,182.43955941095612,0.0,1.0
2024-08-27 14:44:32.742234,150.60331642255426,155.4426294587648,145.01354548118314,153.43066215988225,5217733,153.43066215988225,0.0,1.0
2024-08-28 14:44:32.742234,173.54302166824283,178.70660277933322,166.88147788060206,171.4891957281802,8914520,171.4891957281802,0.0,1.0
2024-08-29 14:44:32.742234,173.26094161645628,173.70644585983996,171.24369471887397,172.37904772270403,2490036,172.37904772270403,0.0,1.0
2024-08-30 14:44:32.742234,174.76235522709138,182.14691401368174,172.37832642976946,177.73581113535553,3869729,177.73581113535553,0.0,1.0
2024-08-31 14:44:32.742234,160.04175430414836,164.8177431333756,155.65686620190058,157.68543794616423,8585159,157.68543794616423,0.0,1.0
2024-09-01 14:44:32.742234,159.6306138672666,162.29839174089136,152.4782163646147,156.98774156146493,8179156,156.98774156146493,0.0,1.0
2024-09-02 14:44:32.742234,172.4669914671786,182.31573262298474,166.82676026420944,175.54908598583933,9944718,175.54908598583933,0.0,1.0
2024-09-03 14:44:32.742234,171.8889739195035,174.36128311961104,166.4833988362176,173.43687969936482,8904428,173.43687969936482,0.0,1.0
2024-09-04 14:44:32.742234,175.22957597129187,175.88789405294133,173.00242532414998,173.10932410785438,5202271,173.10932410785438,0.0,1.0
2024-09-05 14:44:32.742234,175.93617582828387,182.3419130806647,165.84529189183735,174.206240336728,5042879,174.206240336728,0.0,1.0
2024-09-06 14:44:32.742234,162.00833623099743,168.1438565169898,160.93123592678108,164.07887366333597,3322523,164.07887366333597,0.0,1.0
2024-09-07 14:44:32.742234,171.3237763442129,179.30537034301557,167.71463034070987,173.33902048809355,5746771,173.33902048809355,0.0,1.0
2024-09-08 14:44:32.742234,173.18261855069554,177.86940741936783,168.321515964759,174.08457088683298,9640145,174.08457088683298,0.0,1.0
2024-09-09 14:44:32.742234,164.04607395893098,166.17001089612756,161.79255385097156,164.1476946109451,2756124,164.1476946109451,0.0,1.0
2024-09-10 14:44:32.742234,190.985461097358,198.8072927887041,185.20745603551066,190.086316540019,1841531,190.086316540019,0.0,1.0
2024-09-11 14:44:32.742234,175.37981990700956,183.35128465465215,174.269869421527,176.30426327505194,1864645,176.30426327505194,0.0,1.0
2024-09-12 14:44:32.742234,159.5507982306734,165.34054827635117,158.75864338768233,159.79026173127022,2428127,159.79026173127022,0.0,1.0
2024-09-13 14:44:32.742234,180.17220936904536,182.6238589012336,173.24776696041974,178.4061954269976,6130076,178.4061954269976,0.0,1.0
2024-09-14 14:44:32.742234,159.22462757896645,167.01889689959282,153.46728634593094,162.23120527574878,9859690,162.23120527574878,0.0,1.0
2024-09-15 14:44:32.742234,178.20391300335265,183.23474720652368,174.57167467439297,179.98623065280913,5254849,179.98623065280913,0.0,1.0
2024-09-16 14:44:32.742234,185.4075794893709,186.25658001637635,183.03315259877934,183.83870304282132,8574587,183.83870304282132,0.0,1.0
2024-09-17 14:44:32.742234,166.77874100820893,174.42816116947552,157.70348290005091,164.18328670659278,7515350,164.18328670659278,0.0,1.0
2024-09-18 14:44:32.742234,182.24632091046175,183.4930555163111,178.72719020344502,182.16123381991574,9336900,182.16123381991574,0.0,1.0
2024-09-19 14:44:32.742234,177.0197415534823,185.4302800928735,173.53577228397023,176.79264443420013,2615777,176.79264443420013,0.0,1.0
2024-09-20 14:44:32.742234,178.17836651451123,185.059660080661,175.8006922290092,181.0227994021427,4512664,181.0227994021427,0.0,1.0
2024-09-21 14:44:32.742234,191.5038118380221,193.6839100530515,183.18840690694975,191.9074902660999,1973181,191.9074902660999,0.0,1.0
2024-09-22 14:44:32.742234,170.84565220575715,175.47472324504582,168.19870146875525,170.62304191689438,2491633,170.62304191689438,0.0,1.0
2024-09-23 14:44:32.742234,163.97025627809973,172.90827311912778,163.22445823312836,165.67692407071084,3061774,165.67692407071084,0.0,1.0
2024-09-24 14:44:32.742234,162.9385259943858,170.47746130545679,156.2554647399368,164.4565040553931,3790358,164.4565040553931,0.0,1.0
2024-09-25 14:44:32.742234,164.51935930907686,171.99838249164938,158.24741512485423,165.3309081393566,4860562,165.3309081393566,0.0,1.0
2024-09-26 14:44:32.742234,169.53702596350388,178.5490682187469,169.29454642929656,172.8553565322326,7976610,172.8553565322326,0.0,1.0
2024-09-27 14:44:32.742234,175.9143292363966,183.30796988937723,168.71043473673362,177.1752560119027,2765524,177.1752560119027,0.0,1.0
2024-09-28 14:44:32.742234,174.62889067482598,184.16929205567087,173.35746219429655,176.66800689439907,2250632,176.66800689439907,0.0,1.0
2024-09-29 14:44:32.742234,181.05233369101398,184.5861464340572,176.4561197431796,182.31029402882177,7210715,182.31029402882177,0.0,1.0
2024-09-30 14:44:32.742234,171.65473580701362,178.5713246405714,165.193918254661,174.30584309460323,9526086,174.30584309460323,0.0,1.0
2024-10-01 14:44:32.742234,191.79854766273635,193.91993014625058,187.6280930430164,188.84852758475998,4243087,188.84852758475998,0.0,1.0
2024-10-02 14:44:32.742234,172.447163363098,180.9631906792732,167.0390428433764,171.8039811181699,1909711,171.8039811181699,0.0,1.0
2024-10-03 14:44:32.742234,203.23524319427048,212.82854966882206,196.89436305887068,201.78960375380828,4711584,201.78960375380828,0.0,1.0
2024-10-04 14:44:32.742234,183.07533916802112,183.43624301120127,175.18358854545204,180.98194820292477,7913283,180.98194820292477,0.0,1.0
2024-10-05 14:44:32.742234,166.28069986270825,172.15760402928836,162.89647899761226,166.29106179847454,2619715,166.29106179847454,0.0,1.0
2024-10-06 14:44:32.742234,161.5764626218362,171.8915770557939,154.81871993507,164.29107501938887,3590310,164.29107501938887,0.0,1.0
2024-10-07 14:44:32.742234,180.22919761776325,181.85644509585575,174.48297492234528,179.96208678979448,7314768,179.96208678979448,0.0,1.0
2024-10-08 14:44:32.742234,173.64117724236766,178.572111164485,172.77545268531688,173.04009742146678,9324454,173.04009742146678,0.0,1.0
2024-10-09 14:44:32.742234,184.34431244025248,192.78256547855074,175.7806281291045,182.55209285300884,9815995,182.55209285300884,0.0,1.0
2024-10-10 14:44:32.742234,179.78900512119696,180.5878189467759,176.70325644236172,180.281826795186,7726451,180.281826795186,0.0,1.0
2024-10-11 14:44:32.742234,172.3522040380904,181.0595050906049,166.53695505120658,174.95852406024446,9064220,174.95852406024446,0.0,1.0
2024-10-12 14:44:32.742234,165.9087805991069,169.84439921540405,164.02964072459375,167.35623864349176,2544613,167.35623864349176,0.0,1.0
2024-10-13 14:44:32.742234,159.93233998527145,168.24581554346398,152.98226952606407,160.8130662146798,2297638,160.8130662146798,0.0,1.0
2024-10-14 14:44:32.742234,172.63552452021844,181.01748199490876,171.3747652156369,171.63375157823089,8134897,171.63375157823089,0.0,1.0
2024-10-15 14:44:32.742234,185.323445620149,194.07318158745613,179.75326016838457,184.80025167949847,8748670,184.80025167949847,0.0,1.0
2024-10-16 14:44:32.742234,177.48701060661298,182.74727101700066,170.7074546308658,178.5145638149284,3430525,178.5145638149284,0.0,1.0
2024-10-17 14:44:32.742234,167.24618436846174,174.45485157550357,156.45379146656217,164.05360122386915,8439103,164.05360122386915,0.0,1.0
2024-10-18 14:44:32.742234,179.1348860787345,186.6992990934567,170.97522498275669,178.38016090686347,3456070,178.38016090686347,0.0,1.0
2024-10-19 14:44:32.742234,178.74020567665013,183.52098581667374,174.44842051633097,180.63888808300266,9878234,180.63888808300266,0.0,1.0
2024-10-20 14:44:32.742234,165.40713476103772,175.05089481795494,159.92391451392922,168.0845025610656,1288859,168.0845025610656,0.0,1.0
2024-10-21 14:44:32.742234,176.11774837743562,178.92816452466943,174.6109145619016,178.59769061989485,6008341,178.59769061989485,0.0,1.0
2024-10-22 14:44:32.742234,175.97334510441334,183.08012903418788,170.96591379431894,177.77988938226218,5749766,177.77988938226218,0.0,1.0
2024-10-23 14:44:32.742234,163.65366931741826,167.81344797592737,157.50613601757627,165.9054618568586,2546236,165.9054618568586,0.0,1.0
2024-10-24 14:44:32.742234,178.78051443577198,182.14183522733342,175.35816362330968,181.0504010760103,9982913,181.0504010760103,0.0,1.0
2024-10-25 14:44:32.742234,181.64276031306233,183.92269494018495,178.97967052748203,183.21773537357245,5257341,183.21773537357245,0.0,1.0
2024-10-26 14:44:32.742234,186.11398608109477,195.1429942427218,178.36272854314188,188.57776517900552,4759834,188.57776517900552,0.0,1.0
2024-10-27 14:44:32.742234,191.41301939072696,194.66584404223494,180.58066683778463,188.4226359049644,3627988,188.4226359049644,0.0,1.0
2024-10-28 14:44:32.742234,161.48749923036107,170.1972605659906,153.70922312027835,164.2452843424071,6477093,164.2452843424071,0.0,1.0
2024-10-29 14:44:32.742234,168.9465726224078,169.49865911126398,166.55657249580892,168.78109026018944,9592974,168.78109026018944,0.0,1.0
2024-10-30 14:44:32.742234,182.78955843702155,186.33901018131144,179.71690733979474,183.4470559687899,1502420,183.4470559687899,0.0,1.0
2024-10-31 14:44:32.742234,187.1139723031294,192.16129024009433,178.7497743578376,183.571925443188,6529046,183.571925443188,0.0,1.0
2024-11-01 14:44:32.742234,180.8708273493634,190.98556376025925,179.46157635834234,183.72190543448906,2679161,183.72190543448906,0.0,1.0
2024-11-02 14:44:32.742234,216.34852803834696,220.69833374291247,214.2463792201883,217.23610611533843,1660902,217.23610611533843,0.0,1.0
2024-11-03 14:44:32.742234,188.02078469268017,193.90481407918358,180.72881146691566,184.5550589530855,8562116,184.5550589530855,0.0,1.0
2024-11-04 14:44:32.742234,193.12198584637656,201.67707495413023,189.08551610970503,190.33917288532248,2538112,190.33917288532248,0.0,1.0
2024-11-05 14:44:32.742234,191.05366080547168,196.93680663834962,181.16956128176247,188.66089675581114,2726676,188.66089675581114,0.0,1.0
2024-11-06 14:44:32.742234,183.97315773678562,187.93602344544442,175.8040101396113,185.77215427129974,2685996,185.77215427129974,0.0,1.0
2024-11-07 14:44:32.742234,173.9227627509209,176.457935188969,167.57240449767596,176.24291194920096,4246417,176.24291194920096,0.0,1.0
2024-11-08 14:44:32.742234,188.38493794888777,196.58061406734896,178.3006384919529,187.1226592378997,2352144,187.1226592378997,0.0,1.0
2024-11-09 14:44:32.742234,174.8951895093511,175.08118539142265,167.91149325682858,171.94207752495396,2551330,171.94207752495396,0.0,1.0
2024-11-10 14:44:32.742234,177.84238542865873,185.62033702908855,176.8770735074109,177.43950624029225,1971248,177.43950624029225,0.0,1.0
2024-11-11 14:44:32.742234,175.5929701648086,180.2368522845236,166.6812843125506,175.0914194667639,5657851,175.0914194667639,0.0,1.0
2024-11-12 14:44:32.742234,179.30907749804615,189.39508072718942,171.43839442486902,180.9011589762808,7695306,180.9011589762808,0.0,1.0
2024-11-13 14:44:32.742234,205.55859782472902,213.76843592030576,197.79615124416034,203.36636588651533,6378750,203.36636588651533,0.0,1.0
2024-11-14 14:44:32.742234,159.66048404329652,169.75201436344977,159.13260670785405,161.68449093122538,3607411,161.68449093122538,0.0,1.0
2024-11-15 14:44:32.742234,186.03570946858858,190.64252496192174,179.6747402597679,187.35710739825063,2693439,187.35710739825063,0.0,1.0
2024-11-16 14:44:32.742234,164.01406714002263,170.81501374702265,159.97304598142023,164.50470941997162,2831094,164.50470941997162,0.0,1.0
2024-11-17 14:44:32.742234,176.1035043712777,179.64257649136454,167.61336141487152,176.04991211133643,4437172,176.04991211133643,0.0,1.0
2024-11-18 14:44:32.742234,189.81990703386398,196.39801298426988,181.73683631295725,191.79609937626705,7919875,191.79609937626705,0.0,1.0
2024-11-19 14:44:32.742234,178.8875943175398,187.3872278415022,178.76800906052912,181.6867562349107,6923361,181.6867562349107,0.0,1.0
2024-11-20 14:44:32.742234,171.15787423928165,178.63471012106385,170.10667544455532,170.40387090202563,2963571,170.40387090202563,0.0,1.0
2024-11-21 14:44:32.742234,172.69311239149678,182.7353207953483,164.10111180605782,174.16564422608164,6542511,174.16564422608164,0.0,1.0
2024-11-22 14:44:32.742234,188.86375182144815,196.1187017898044,187.79844500519476,188.25202144539074,9985826,188.25202144539074,0.0,1.0
2024-11-23 14:44:32.742234,171.88009897284954,177.93036347423438,168.77869393256952,174.28974027623522,4815144,174.28974027623522,0.0,1.0
2024-11-24 14:44:32.742234,183.7566252199066,187.76963490502982,182.54308079729208,183.89535512658898,4436252,183.89535512658898,0.0,1.0
2024-11-25 14:44:32.742234,182.56152350000315,189.29423093423847,177.35315382126663,182.32385026717003,1817052,182.32385026717003,0.0,1.0
2024-11-26 14:44:32.742234,172.34348065286014,177.5846350184534,168.16928732902412,175.48949102943635,8596585,175.48949102943635,0.0,1.0
2024-11-27 14:44:32.742234,202.25171897472836,204.70682672734992,197.0826360845859,203.5822980361104,7269324,203.5822980361104,0.0,1.0
2024-11-28 14:44:32.742234,185.861150485733,191.9638411108167,182.765300867713,188.6194100033999,2428080,188.6194100033999,0.0,1.0
2024-11-29 14:44:32.742234,159.3339244353103,164.49517871541278,152.4797873371767,162.16615655100634,3521279,162.16615655100634,0.0,1.0
2024-11-30 14:44:32.742234,188.03381681451933,190.81961415664315,175.4748994977031,184.41948820263931,8503888,184.41948820263931,0.0,1.0
2024-12-01 14:44:32.742234,174.82328513242,178.1310607774748,168.77378707477934,176.0744430446238,7119848,176.0744430446238,0.0,1.0
2024-12-02 14:44:32.742234,193.72583231169946,194.1335592215474,188.52847775696418,191.35400367763256,3726016,191.35400367763256,0.0,1.0
2024-12-03 14:44:32.742234,173.32389967414883,175.1982598910101,166.4070060646733,175.04182558270597,2244289,175.04182558270597,0.0,1.0
2024-12-04 14:44:32.742234,183.2780590492754,192.32945117279203,178.98596794397406,181.95703118972662,1442939,181.95703118972662,0.0,1.0
2024-12-05 14:44:32.742234,190.25158015870213,194.3208058908365,188.00836553591958,188.29163103156282,4282972,188.29163103156282,0.0,1.0
2024-12-06 14:44:32.742234,192.77131864238626,196.47567637050523,183.33645823156567,192.0366728208221,9692832,192.0366728208221,0.0,1.0
2024-12-07 14:44:32.742234,171.31851672841256,177.34195431775316,168.5140507541278,171.51351944592574,5414473,171.51351944592574,0.0,1.0
2024-12-08 14:44:32.742234,179.67299931709354,182.27648899505016,174.67584599374237,180.30883379543667,3711793,180.30883379543667,0.0,1.0
2024-12-09 14:44:32.742234,177.9594000437175,187.5458915896952,176.78613377861268,179.04175567959922,3319124,179.04175567959922,0.0,1.0
2024-12-10 14:44:32.742234,180.44313679990012,187.5376648503054,170.096791964794,177.39527910283434,4923227,177.39527910283434,0.0,1.0
2024-12-11 14:44:32.742234,204.38818464749525,205.30191227000105,198.6202945001918,201.72047646874503,3073290,201.72047646874503,0.0,1.0
2024-12-12 14:44:32.742234,191.75482437049695,195.75848078655366,186.72934877278408,188.25311381290626,3518970,188.25311381290626,0.0,1.0
2024-12-13 14:44:32.742234,169.1510149367597,179.2804491360479,168.68258688730805,171.73181979730887,4889877,171.73181979730887,0.0,1.0
2024-12-14 14:44:32.742234,195.4450022432757,204.67715985407767,190.5895852978878,193.65664144856976,2727408,193.65664144856976,0.0,1.0
2024-12-15 14:44:32.742234,209.44601303338857,214.34078218424185,200.6619460233787,205.83694658551093,3801742,205.83694658551093,0.0,1.0
2024-12-16 14:44:32.742234,192.59003087373102,201.06053480079208,188.91009028332454,195.07739985825873,2055675,195.07739985825873,0.0,1.0
2024-12-17 14:44:32.742234,166.75384914059333,171.11366328249338,165.66081921852737,169.69641023056977,7016854,169.69641023056977,0.0,1.0
2024-12-18 14:44:32.742234,181.92298603767978,190.93880384436497,176.31664482905967,180.18513179881,8436754,180.18513179881,0.0,1.0
2024-12-19 14:44:32.742234,198.42327905270912,200.72173198532025,188.2428289212222,197.8339466567014,1965188,197.8339466567014,0.0,1.0
2024-12-20 14:44:32.742234,180.66240737511114,189.17821696632421,177.61016797170214,178.22550314601,3161088,178.22550314601,0.0,1.0
2024-12-21 14:44:32.742234,187.1417862284351,196.04542707465808,184.23666030903013,189.8777547210227,9018006,189.8777547210227,0.0,1.0
2024-12-22 14:44:32.742234,195.6065452258751,201.5504099685201,190.1963892114122,193.32326361121648,3320484,193.32326361121648,0.0,1.0
2024-12-23 14:44:32.742234,174.33912652471895,180.96804672772785,167.50220108258816,176.4449809985049,5105223,176.4449809985049,0.0,1.0
2024-12-24 14:44:32.742234,182.7639992936668,187.39304767632822,179.6468265097939,185.25639479103035,1487510,185.25639479103035,0.0,1.0
2024-12-25 14:44:32.742234,151.51390442204445,154.93186402017426,146.92200589661869,153.57633758832026,7354986,153.57633758832026,0.0,1.0
2024-12-26 14:44:32.742234,178.09562470720618,180.05900616439,172.81539646585588,175.88249721303075,8609964,175.88249721303075,0.0,1.0
2024-12-27 14:44:32.742234,184.95217538903643,186.67628349700297,175.53041181424828,183.73805474980466,6795250,183.73805474980466,0.0,1.0
2024-12-28 14:44:32.742234,174.08373164274911,180.86938035721155,170.94783395791552,173.92326708145043,5055447,173.92326708145043,0.0,1.0
2024-12-29 14:44:32.742234,201.71705412007373,206.41394015274162,201.71114104455134,202.8625745777779,2673879,202.8625745777779,0.0,1.0
2024-12-30 14:44:32.742234,174.97519922916965,175.48125092195107,164.17121596503634,172.37441039621785,2780752,172.37441039621785,0.0,1.0
2024-12-31 14:44:32.742234,181.62796663162624,191.25157534578074,181.42067630629674,182.41274194621695,4293331,182.41274194621695,0.0,1.0
2025-01-01 14:44:32.742234,190.64204974740224,199.06638737976473,182.67524049473062,188.25795522341036,4764455,188.25795522341036,0.0,1.0
2025-01-02 14:44:32.742234,201.010070771382,210.84777915078223,199.7110778666488,201.50064497857323,8253817,201.50064497857323,0.0,1.0
2025-01-03 14:44:32.742234,172.01576502769672,181.46597249132037,170.14410865565432,172.86665321348036,5335518,172.86665321348036,0.0,1.0
2025-01-04 14:44:32.742234,198.697214524619,200.72448283539882,194.3955813807988,198.99427488418698,9791690,198.99427488418698,0.0,1.0
2025-01-05 14:44:32.742234,186.11185166149355,191.31912692178727,183.67796656300536,187.60233061019588,9589747,187.60233061019588,0.0,1.0
2025-01-06 14:44:32.742234,179.58349466981542,186.39185043281816,176.74214415671355,177.8222761268831,6222798,177.8222761268831,0.0,1.0
2025-01-07 14:44:32.742234,192.41669567813344,199.11299505062158,186.6637162333756,192.395760017358,4904722,192.395760017358,0.0,1.0
2025-01-08 14:44:32.742234,187.8685437412171,191.36394715802788,181.54707874505485,189.90268486782261,6215622,189.90268486782261,0.0,1.0
2025-01-09 14:44:32.742234,184.95694037515,192.5016403078981,179.02159574770604,182.04728177786262,7879771,182.04728177786262,0.0,1.0
2025-01-10 14:44:32.742234,188.00758654146833,191.004505044837,186.20126550647967,188.88483403671339,9481209,188.88483403671339,0.0,1.0
2025-01-11 14:44:32.742234,184.7924095186935,186.86039933548346,182.27846443671413,184.47103985555822,4175684,184.47103985555822,0.0,1.0
2025-01-12 14:44:32.742234,192.67934294299656,197.85253689201144,187.68001854553577,189.59671191405093,1629085,189.59671191405093,0.0,1.0
2025-01-13 14:44:32.742234,196.19035853949018,202.00681345993897,189.71093071446637,195.22020784411157,7071845,195.22020784411157,0.0,1.0
2025-01-14 14:44:32.742234,201.4611801407535,210.53061031355196,199.62621345122122,204.59643189771725,3518638,204.59643189771725,0.0,1.0
2025-01-15 14:44:32.742234,179.60060650486125,180.42216107905367,168.7315155107112,176.49547138535792,1603103,176.49547138535792,0.0,1.0
2025-01-16 14:44:32.742234,211.41581398994504,220.6912691158111,205.55068447428167,210.3413227575517,2989968,210.3413227575517,0.0,1.0
2025-01-17 14:44:32.742234,168.50729191312524,171.8801268644509,160.13044613174824,169.62747365312663,6303943,169.62747365312663,0.0,1.0
2025-01-18 14:44:32.742234,185.0585388489029,188.98380033732442,178.8089808770779,187.76786333535844,6497191,187.76786333535844,0.0,1.0
2025-01-19 14:44:32.742234,197.60324726089652,206.38422258984636,189.11954792723103,195.3062489879227,2257008,195.3062489879227,0.0,1.0
2025-01-20 14:44:32.742234,193.29429580069257,202.53039496975242,186.5624344563455,192.3703582377899,7473507,192.3703582377899,0.0,1.0
2025-01-21 14:44:32.742234,183.7163723415156,191.63572025848777,180.67716313227368,183.47080699959628,8437693,183.47080699959628,0.0,1.0
2025-01-22 14:44:32.742234,190.71213774451175,198.43136480197813,182.01391098193176,187.7539423315921,6137997,187.7539423315921,0.0,1.0
2025-01-23 14:44:32.742234,187.17862831350357,193.31099307097531,179.94176210949834,185.04251812593915,8270518,185.04251812593915,0.0,1.0
2025-01-24 14:44:32.742234,181.6495567469247,189.29008628991434,174.72456821363622,184.21624254044798,6511934,184.21624254044798,0.0,1.0
2025-01-25 14:44:32.742234,197.2465148128603,199.60767538920646,191.06531982454447,198.743273717463,9173321,198.743273717463,0.0,1.0
2025-01-26 14:44:32.742234,192.00350100021694,197.91584269909885,184.58515415548305,193.95477024426586,8899284,193.95477024426586,0.0,1.0
2025-01-27 14:44:32.742234,185.38435418631371,188.83888518826285,175.08515049592182,183.59288206937148,2003171,183.59288206937148,0.0,1.0
2025-01-28 14:44:32.742234,195.93002981094128,202.24840090670585,192.04521336492343,199.65533941367318,8214938,199.65533941367318,0.0,1.0
2025-01-29 14:44:32.742234,194.41167819085516,201.44374410781603,190.65352426986377,193.8696985054694,3900737,193.8696985054694,0.0,1.0
2025-01-30 14:44:32.742234,201.15251637214234,206.13984896809137,195.27542341248744,199.06268712245554,2370485,199.06268712245554,0.0,1.0
2025-01-31 14:44:32.742234,200.34217193339273,201.1540206794888,192.07326920431598,197.36771699066472,8045900,197.36771699066472,0.0,1.0
2025-02-01 14:44:32.742234,181.76339215903621,184.93262390608314,176.12678013604153,182.9188410995705,2681076,182.9188410995705,0.0,1.0
2025-02-02 14:44:32.742234,188.1312125295022,194.5583275134366,184.47509336762445,185.74434344418415,9501598,185.74434344418415,0.0,1.0
2025-02-03 14:44:32.742234,195.85775940094874,199.7137888213797,191.14818120003252,198.9564525347491,6312399,198.9564525347491,0.0,1.0
2025-02-04 14:44:32.742234,200.46466715474466,208.99651268997485,192.5756545038831,197.72458177521378,1981883,197.72458177521378,0.0,1.0
2025-02-05 14:44:32.742234,188.69505548504185,196.29147251441506,179.50222926229458,191.54922581860026,2668321,191.54922581860026,0.0,1.0
2025-02-06 14:44:32.742234,192.27565312503864,197.70819379750338,185.9425529155027,193.06887822869223,4293705,193.06887822869223,0.0,1.0
2025-02-07 14:44:32.742234,207.2451739788981,213.38385669880884,198.46252112555547,204.80961599085128,7154512,204.80961599085128,0.0,1.0
2025-02-08 14:44:32.742234,183.64643597952664,193.93464760452602,178.12623329550829,186.25461578197135,4759505,186.25461578197135,0.0,1.0
2025-02-09 14:44:32.742234,195.6367342032097,201.2181281795396,191.5300488725779,197.7786661193927,9415414,197.7786661193927,0.0,1.0
2025-02-10 14:44:32.742234,192.1160095956339,198.6288974791855,185.98248531372988,190.423128420716,6418952,190.423128420716,0.0,1.0
2025-02-11 14:44:32.742234,192.08145314951386,197.51478403638586,186.67275213815577,190.40560555014537,5609688,190.40560555014537,0.0,1.0
2025-02-12 14:44:32.742234,204.85766227187085,207.59280163124131,201.3127960167064,203.70754873965214,5264423,203.70754873965214,0.0,1.0
2025-02-13 14:44:32.742234,202.67151534825325,211.575178886504,199.23077222740667,201.11130634702317,9181883,201.11130634702317,0.0,1.0
2025-02-14 14:44:32.742234,201.4733278657102,209.50633158070326,198.29491218198487,201.12960185451186,9306681,201.12960185451186,0.0,1.0
2025-02-15 14:44:32.742234,204.13962731899085,212.97485530637255,203.68565851237656,206.18665620341145,8170837,206.18665620341145,0.0,1.0
2025-02-16 14:44:32.742234,192.28508412918774,201.7077657519455,182.84612260741918,193.47926918555837,2519603,193.47926918555837,0.0,1.0
2025-02-17 14:44:32.742234,197.6760249292526,208.90887089265522,189.72725438171895,200.22612311954305,2750740,200.22612311954305,0.0,1.0
2025-02-18 14:44:32.742234,193.5527225252194,200.40800165918256,180.9912382368922,190.4412884780215,1863403,190.4412884780215,0.0,1.0
2025-02-19 14:44:32.742234,197.57985264287797,205.84870114678895,193.4519656766146,196.9229822062031,1885421,196.9229822062031,0.0,1.0
2025-02-20 14:44:32.742234,191.75373826848843,199.2310151897342,190.77608709708716,192.51725077500447,5278384,192.51725077500447,0.0,1.0
2025-02-21 14:44:32.742234,194.62976133173635,201.55485973240698,187.26771832870693,194.92600360597115,6495671,194.92600360597115,0.0,1.0
2025-02-22 14:44:32.742234,203.62404826045739,209.92225591706523,199.3151582079302,200.04497684777573,1978836,200.04497684777573,0.0,1.0
2025-02-23 14:44:32.742234,183.468823474127,193.0506548325885,174.84824165993473,186.0485623984345,4223522,186.0485623984345,0.0,1.0
2025-02-24 14:44:32.742234,216.03458836072136,217.74779779241624,214.58623466397546,215.29200462498645,3217181,215.29200462498645,0.0,1.0
2025-02-25 14:44:32.742234,184.48876626110902,192.61430424111387,178.46581262147103,184.44532069049748,9568438,184.44532069049748,0.0,1.0
2025-02-26 14:44:32.742234,183.31459126260205,191.30567325928016,174.3013924478871,182.50097101497983,2556518,182.50097101497983,0.0,1.0
2025-02-27 14:44:32.742234,202.383591608633,206.66310392434409,197.18103561246804,206.36132851522046,3659083,206.36132851522046,0.0,1.0
2025-02-28 14:44:32.742234,205.85338771135585,214.35324649798287,195.2966524941036,202.8342093572118,5113640,202.8342093572118,0.0,1.0
2025-03-01 14:44:32.742234,204.77549297271315,206.09496250477332,194.09852688791236,201.2961432254666,5500398,201.2961432254666,0.0,1.0
2025-03-02 14:44:32.742234,202.00067309880043,205.3853848052227,194.4975486496872,201.4757627849505,5877708,201.4757627849505,0.0,1.0
2025-03-03 14:44:32.742234,196.74270888993038,204.0567003111724,193.28466442775274,195.2072026012012,8880317,195.2072026012012,0.0,1.0
2025-03-04 14:44:32.742234,189.6462415042554,191.17061700776424,182.19729513547102,186.49448925217465,9281447,186.49448925217465,0.0,1.0
2025-03-05 14:44:32.742234,197.99019655200894,206.0876691459287,189.60077611533492,196.3624411863329,4895958,196.3624411863329,0.0,1.0
2025-03-06 14:44:32.742234,186.34375128277762,196.8325667788858,182.71315805447705,188.97014112663715,8076042,188.97014112663715,0.0,1.0
2025-03-07 14:44:32.742234,206.2578062043813,211.49126527863228,202.71191685409264,205.63031821329838,9839765,205.63031821329838,0.0,1.0
2025-03-08 14:44:32.742234,195.37634873255755,195.438731147533,187.47050842784688,194.5459097014621,2265898,194.5459097014621,0.0,1.0
2025-03-09 14:44:32.742234,187.32864372802013,190.59558128952077,181.8356911568034,187.89887418592104,3120539,187.89887418592104,0.0,1.0
2025-03-10 14:44:32.742234,194.90343143571036,200.91549010253487,184.6001550533958,193.07735037467884,1880412,193.07735037467884,0.0,1.0
2025-03-11 14:44:32.742234,204.0425151800377,214.05269996126788,192.34653820214913,200.5578859713277,6947148,200.5578859713277,0.0,1.0
2025-03-12 14:44:32.742234,194.17881805998684,200.31305825550723,187.88450104086357,190.92868853789432,4231185,190.92868853789432,0.0,1.0
2025-03-13 14:44:32.742234,188.110458787716,190.92949589056843,180.41145838966565,188.48109274763237,8319764,188.48109274763237,0.0,1.0
2025-03-14 14:44:32.742234,196.19461275614685,205.5946860277009,191.53659345295284,199.27753145557844,9706483,199.27753145557844,0.0,1.0
2025-03-15 14:44:32.742234,203.29531805732813,208.7841430331102,196.52647612664933,199.4276876891092,6923098,199.4276876891092,0.0,1.0
2025-03-16 14:44:32.742234,194.64931309905361,202.23913162353514,183.46991924532233,192.04595286167333,2228337,192.04595286167333,0.0,1.0
2025-03-17 14:44:32.742234,189.65163080727115,193.5722794527141,185.5486336483833,192.54236419656405,1484814,192.54236419656405,0.0,1.0
2025-03-18 14:44:32.742234,203.07247281493395,210.7996637170464,192.28699429287127,199.71060926368625,9359922,199.71060926368625,0.0,1.0
2025-03-19 14:44:32.742234,185.75496040035725,190.78210799475815,182.70732358657787,183.0466291124993,4690583,183.0466291124993,0.0,1.0
2025-03-20 14:44:32.742234,183.72853672614178,192.5749923135412,178.8493995871866,183.5901974210696,2599908,183.5901974210696,0.0,1.0
2025-03-21 14:44:32.742234,191.31370433776016,194.5839458625019,188.7686923531967,190.61775558967344,3164412,190.61775558967344,0.0,1.0
2025-03-22 14:44:32.742234,195.01405754045655,201.99861822441076,190.62845019105112,195.80508892244197,6309792,195.80508892244197,0.0,1.0
2025-03-23 14:44:32.742234,197.6029697581915,210.56154899561153,188.15174354112378,201.18599873290313,3353847,201.18599873290313,0.0,1.0
2025-03-24 14:44:32.742234,211.56394033290192,214.0594116916476,207.68334330865025,212.96784788378125,3892478,212.96784788378125,0.0,1.0
2025-03-25 14:44:32.742234,209.43500188304841,219.24942438250906,206.42544352917807,206.92824458366854,2984117,206.92824458366854,0.0,1.0
2025-03-26 14:44:32.742234,192.9883130666116,203.66150380842043,189.14409992782973,196.88962568937671,6949852,196.88962568937671,0.0,1.0
2025-03-27 14:44:32.742234,197.11461980378257,199.10927799791392,195.33259384226375,198.43621154734674,1029725,198.43621154734674,0.0,1.0
2025-03-28 14:44:32.742234,187.96966333010474,191.57861236286354,186.88137972509463,188.73844261735817,1888036,188.73844261735817,0.0,1.0
2025-03-29 14:44:32.742234,199.01321167795882,206.0599917670581,191.04632379208638,198.71596754117502,3971783,198.71596754117502,0.0,1.0
2025-03-30 14:44:32.742234,199.44609380731262,200.1177345262386,188.4239310399833,196.15187514926015,3662761,196.15187514926015,0.0,1.0
2025-03-31 14:44:32.742234,201.15900845100666,208.2946624464162,197.24627452344038,202.40300977920506,7524559,202.40300977920506,0.0,1.0
2025-04-01 14:44:32.742234,189.8713495940801,194.34476751118163,184.27990862856552,191.04087737766358,3513024,191.04087737766358,0.0,1.0
2025-04-02 14:44:32.742234,206.58814294832192,213.0018321354909,203.00544329930915,204.64401459296118,3398083,204.64401459296118,0.0,1.0
2025-04-03 14:44:32.742234,214.50453739287863,215.40683436669474,213.43226270960392,214.91530121793787,7536295,214.91530121793787,0.0,1.0
2025-04-04 14:44:32.742234,196.4495189529896,207.2936754065934,190.09851600292615,198.63767324070616,4909439,198.63767324070616,0.0,1.0
2025-04-05 14:44:32.742234,203.49188979247697,213.80348918991456,195.727357186949,203.87975458362678,6627745,203.87975458362678,0.0,1.0
2025-04-06 14:44:32.742234,203.9291519323295,216.9245510852317,201.69128965497427,206.90143991711113,4911146,206.90143991711113,0.0,1.0
